Class ID,Preferred Label,Synonyms,Definitions,Obsolete,CUI,Semantic Types,Parents,CONCEPTSTATUS,CTV3ID,RDF Schema Label,ISPRIMITIVE,PAR,RN,RO,Semantic_Type,SNOMEDID,SY,SYNONYM FN,SYNONYM IS,SYNONYM MTH_FN,SYNONYM MTH_PT,SYNONYM OF,SYNONYM SY,TUI,UMLS_CUI
http://purl.bioontology.org/ontology/SNOMED-Ethnic-Group#275594002,North African Arab (NMO),,,FALSE,,,http://purl.bioontology.org/ontology/SNOMED-Ethnic-Group#270464009,0,XM1SB,North African Arab (NMO),1,N African Arab/Iranian (NMO) (Id: 270464009),,N African Arab &/or Iranian (NMO) (Id: 186009007)|N African Arab &/or Iranian (NMO) (Id: 154186009),Population Group,F-0085C,,North African Arab (NMO) (ethnic group),,,,,,T098,C0554961
http://purl.bioontology.org/ontology/SNOMED-Ethnic-Group#48294008,Solomon Islanders,,,FALSE,,,http://purl.bioontology.org/ontology/SNOMED-Ethnic-Group#18575005,0,XUEyV,Solomon Islanders,1,Oceanian (Id: 18575005),,,Population Group,S-65230,,Solomon Islanders (ethnic group),,,,,,T098,C0337932
http://purl.bioontology.org/ontology/SNOMED-Ethnic-Group#81846005,Naiars,,,FALSE,,,http://purl.bioontology.org/ontology/SNOMED-Ethnic-Group#108342005,0,XULbS,Naiars,1,South Asian AND/OR Australian aborigine (Id: 108342005),,,Population Group,S-66060,,Naiars (ethnic group),,,,,,T098,C0337943
http://purl.bioontology.org/ontology/SNOMED-Ethnic-Group#286009,Czechs,,,FALSE,,,http://purl.bioontology.org/ontology/SNOMED-Ethnic-Group#372148003,0,XUB0u,Czechs,1,Ethnic group (Id: 372148003),,,Population Group,S-61070,,Czechs (ethnic group),,,,,,T098,C0337799
http://purl.bioontology.org/ontology/SNOMED-Ethnic-Group#1919006,Egyptians,,,FALSE,,,http://purl.bioontology.org/ontology/SNOMED-Ethnic-Group#372148003,0,XU8qN,Egyptians,1,Ethnic group (Id: 372148003),,,Population Group,S-61100,,Egyptians (ethnic group),,,,,,T098,C0337801
http://purl.bioontology.org/ontology/SNOMED-Ethnic-Group#40165009,Buriats,,,FALSE,,,http://purl.bioontology.org/ontology/SNOMED-Ethnic-Group#24812003,0,XUDM5,Buriats,1,Mongoloid (Id: 24812003),,,Population Group,S-64050,,Buriats (ethnic group),,,,,,T098,C0337897
http://purl.bioontology.org/ontology/SNOMED-Ethnic-Group#23517005,Polynesians,,,FALSE,,,http://purl.bioontology.org/ontology/SNOMED-Ethnic-Group#18575005,0,XUA08,Polynesians,1,Oceanian (Id: 18575005),,,Population Group,S-65200,Polynesian race (Id: 62693009),Polynesians (ethnic group),,,,,,T098,C0240790
http://purl.bioontology.org/ontology/SNOMED-Ethnic-Group#66920001,Amerind,,,FALSE,,,http://purl.bioontology.org/ontology/SNOMED-Ethnic-Group#372148003,0,XUIeT,Amerind,1,Ethnic group (Id: 372148003),,,Population Group,S-63000,,Amerind (ethnic group),"Amerind, NOS",,,,,T098,C0337853
http://purl.bioontology.org/ontology/SNOMED-Ethnic-Group#59487007,Syrians,,,FALSE,,,http://purl.bioontology.org/ontology/SNOMED-Ethnic-Group#372148003,0,XUHC3,Syrians,1,Ethnic group (Id: 372148003),,,Population Group,S-61330,,Syrians (ethnic group),,,,,,T098,C0337819
http://purl.bioontology.org/ontology/SNOMED-Ethnic-Group#28409002,Spaniards,,,FALSE,,,http://purl.bioontology.org/ontology/SNOMED-Ethnic-Group#372148003,0,XUAyO,Spaniards,1,Ethnic group (Id: 372148003),,,Population Group,S-61300,,Spaniards (ethnic group),,,,,,T098,C0337817
http://purl.bioontology.org/ontology/SNOMED-Ethnic-Group#413465009,Afro-Caribbean,,,FALSE,,,http://purl.bioontology.org/ontology/SNOMED-Ethnic-Group#372148003,0,XUcF0,Afro-Caribbean,1,Ethnic group (Id: 372148003),,,Population Group,S-00055,Race: Afro-Caribbean (Id: 160528005),Afro-Caribbean (ethnic group),,,,,,T098,C0814949
http://purl.bioontology.org/ontology/SNOMED-Ethnic-Group#69865008,Fijian,,,FALSE,,,http://purl.bioontology.org/ontology/SNOMED-Ethnic-Group#18575005,0,9T19.,Fijian,1,Oceanian (Id: 18575005),,,Population Group,S-65050,Fijian (Id: 154221005),Fijian (ethnic group),Fijians,,,,,T098,C1556097
http://purl.bioontology.org/ontology/SNOMED-Ethnic-Group#43056000,Cuna,,,FALSE,,,http://purl.bioontology.org/ontology/SNOMED-Ethnic-Group#66920001,0,XUDwl,Cuna,1,Amerind (Id: 66920001),,,Population Group,S-63150,,Cuna (ethnic group),,,,,,T098,C0337866
http://purl.bioontology.org/ontology/SNOMED-Ethnic-Group#270462008,Black East African Asian/Indo-Caribbean,,,FALSE,,,http://purl.bioontology.org/ontology/SNOMED-Ethnic-Group#185989004,0,XE2Nv,Black East African Asian/Indo-Caribbean,1,"Black, other, non-mixed origin (Id: 185989004)",,Black E Afric Asia &/or Indo-Caribb (Id: 154171003)|Black E Afric Asia &/or Indo-Caribb (Id: 185994004),Population Group,F-0056C,,Black East African Asian/Indo-Caribbean (ethnic group),,,,,,T098,C0422777
http://purl.bioontology.org/ontology/SNOMED-Ethnic-Group#88790004,Abyssinians (Amharas),,,FALSE,,,http://purl.bioontology.org/ontology/SNOMED-Ethnic-Group#18167009,0,XUN2i,Abyssinians (Amharas),1,Black African (Id: 18167009),,,Population Group,S-62010,,Abyssinians (Amharas) (ethnic group),,,,,,T098,C0337825
http://purl.bioontology.org/ontology/SNOMED-Ethnic-Group#32513008,Dyaks,,,FALSE,,,http://purl.bioontology.org/ontology/SNOMED-Ethnic-Group#24812003,0,XUBmo,Dyaks,1,Mongoloid (Id: 24812003),,,Population Group,S-64070,,Dyaks (ethnic group),,,,,,T098,C0337898
http://purl.bioontology.org/ontology/SNOMED-Ethnic-Group#275597009,Indo-Caribbean (NMO),,,FALSE,,,http://purl.bioontology.org/ontology/SNOMED-Ethnic-Group#270465005,0,XM1SE,Indo-Caribbean (NMO),1,E Afric Asian/Indo-Carib (NMO) (Id: 270465005),,E Afric Asian &/or Indo-Carib (NMO) (Id: 186011003)|E Afric Asian &/or Indo-Carib (NMO) (Id: 154188005),Population Group,F-0085F,,Indo-Caribbean (NMO) (ethnic group),,,,,,T098,C0554964
http://purl.bioontology.org/ontology/SNOMED-Ethnic-Group#91191002,Oraons,,,FALSE,,,http://purl.bioontology.org/ontology/SNOMED-Ethnic-Group#108342005,0,XUNWo,Oraons,1,South Asian AND/OR Australian aborigine (Id: 108342005),,,Population Group,S-66070,,Oraons (ethnic group),,,,,,T098,C0337944
http://purl.bioontology.org/ontology/SNOMED-Ethnic-Group#275591005,Caribbean Island (NMO),,,FALSE,,,http://purl.bioontology.org/ontology/SNOMED-Ethnic-Group#270463003,0,XM1S8,Caribbean Island (NMO),1,Caribbean I./W.I./Guyana (NMO) (Id: 270463003),,Caribbean I. &/or W.I. &/or Guyana (NMO) (Id: 186008004)|Caribbean I. &/or W.I. &/or Guyana (NMO) (Id: 154185008),Population Group,F-00859,,Caribbean Island (NMO) (ethnic group),,,,,,T098,C0554958
http://purl.bioontology.org/ontology/SNOMED-Ethnic-Group#186037000,Other European in New Zealand,,,FALSE,,,http://purl.bioontology.org/ontology/SNOMED-Ethnic-Group#372148003,0,9T12.,Other European in New Zealand,1,Ethnic group (Id: 372148003),,,Population Group,S-60004,Other European in New Zealand (Id: 154214005),Other European in New Zealand (ethnic group),,,,,,T098,C0438963
http://purl.bioontology.org/ontology/SNOMED-Ethnic-Group#81035008,Pakistani (Urduspeakers),,,FALSE,,,http://purl.bioontology.org/ontology/SNOMED-Ethnic-Group#186002003,0,XULRS,Pakistani (Urduspeakers),1,Pakistani (Id: 186002003),,,Population Group,S-61260,,Pakistani (Urduspeakers) (ethnic group),,,,,,T098,C0337814
http://purl.bioontology.org/ontology/SNOMED-Ethnic-Group#275596000,East African Asian (NMO),,,FALSE,,,http://purl.bioontology.org/ontology/SNOMED-Ethnic-Group#270465005,0,XM1SD,East African Asian (NMO),1,E Afric Asian/Indo-Carib (NMO) (Id: 270465005),,E Afric Asian &/or Indo-Carib (NMO) (Id: 186011003)|E Afric Asian &/or Indo-Carib (NMO) (Id: 154188005),Population Group,F-0085E,,East African Asian (NMO) (ethnic group),,,,,,T098,C0554963
http://purl.bioontology.org/ontology/SNOMED-Ethnic-Group#270465005,E Afric Asian/Indo-Carib (NMO),,,FALSE,,,http://purl.bioontology.org/ontology/SNOMED-Ethnic-Group#186005001,0,XE2Ny,E Afric Asian/Indo-Carib (NMO),1,Other ethnic non-mixed (NMO) (Id: 186005001),,E Afric Asian &/or Indo-Carib (NMO) (Id: 186011003)|E Afric Asian &/or Indo-Carib (NMO) (Id: 154188005),Population Group,F-0056F,,E Afric Asian/Indo-Carib (NMO) (ethnic group),,,,,,T098,C0422791
http://purl.bioontology.org/ontology/SNOMED-Ethnic-Group#63736003,Taiwanese,,,FALSE,,,http://purl.bioontology.org/ontology/SNOMED-Ethnic-Group#24812003,0,XUI1j,Taiwanese,1,Mongoloid (Id: 24812003),,,Population Group,S-64190,,Taiwanese (ethnic group),,,,,,T098,C1556096
http://purl.bioontology.org/ontology/SNOMED-Ethnic-Group#56056003,Belgians,,,FALSE,,,http://purl.bioontology.org/ontology/SNOMED-Ethnic-Group#372148003,0,XUGVv,Belgians,1,Ethnic group (Id: 372148003),,,Population Group,S-61050,,Belgians (ethnic group),,,,,,T098,C0337797
http://purl.bioontology.org/ontology/SNOMED-Ethnic-Group#10008004,Ewe,,,FALSE,,,http://purl.bioontology.org/ontology/SNOMED-Ethnic-Group#18167009,0,XU01P,Ewe,1,Black African (Id: 18167009),,,Population Group,S-62070,,Ewe (ethnic group),,,,,,T098,C0337831
http://purl.bioontology.org/ontology/SNOMED-Ethnic-Group#74302004,Apache,,,FALSE,,,http://purl.bioontology.org/ontology/SNOMED-Ethnic-Group#66920001,0,XUK7T,Apache,1,Amerind (Id: 66920001),,,Population Group,S-63030,,Apache (ethnic group),,,,,,T098,C0337855
http://purl.bioontology.org/ontology/SNOMED-Ethnic-Group#14045001,Caucasian,,,FALSE,,,http://purl.bioontology.org/ontology/SNOMED-Ethnic-Group#372148003,0,XU7hz,Caucasian,1,Ethnic group (Id: 372148003),,,Population Group,S-61000,Caucasian (Id: 367505005),Caucasian (ethnic group),"Caucasian, NOS",,,,Caucasoid,T098,C0043157
http://purl.bioontology.org/ontology/SNOMED-Ethnic-Group#71176007,Pygmies,,,FALSE,,,http://purl.bioontology.org/ontology/SNOMED-Ethnic-Group#18167009,0,XUJUo,Pygmies,1,Black African (Id: 18167009),,,Population Group,S-62230,,Pygmies (ethnic group),,,,,,T098,C0337845
http://purl.bioontology.org/ontology/SNOMED-Ethnic-Group#401214002,Other white British ethnic group,,,FALSE,,,http://purl.bioontology.org/ontology/SNOMED-Ethnic-Group#315236000,0,XUZFo,Other white British ethnic group,1,White British (Id: 315236000),,,Population Group,F-02C0F,,Other white British ethnic group (ethnic group),,,,,,T098,C1303181
http://purl.bioontology.org/ontology/SNOMED-Ethnic-Group#67165000,Lapps,,,FALSE,,,http://purl.bioontology.org/ontology/SNOMED-Ethnic-Group#24812003,0,XUIhO,Lapps,1,Mongoloid (Id: 24812003),,,Population Group,S-64150,,Lapps (ethnic group),,,,,,T098,C0337904
http://purl.bioontology.org/ontology/SNOMED-Ethnic-Group#414551003,Japanese,,,FALSE,,,http://purl.bioontology.org/ontology/SNOMED-Ethnic-Group#315280000,0,XUcF3,Japanese,1,Asian - ethnic group (Id: 315280000),,,Population Group,F-04C47,Race: Japanese (Id: 15643001),Japanese (ethnic group),,,,,,T098,C1556094
http://purl.bioontology.org/ontology/SNOMED-Ethnic-Group#88934004,Nigerians,,,FALSE,,,http://purl.bioontology.org/ontology/SNOMED-Ethnic-Group#18167009,0,XUN4R,Nigerians,1,Black African (Id: 18167009),,,Population Group,S-62220,,Nigerians (ethnic group),,,,,,T098,C1556089
http://purl.bioontology.org/ontology/SNOMED-Ethnic-Group#33897005,Chinese,,,FALSE,,,http://purl.bioontology.org/ontology/SNOMED-Ethnic-Group#315280000|http://purl.bioontology.org/ontology/SNOMED-Ethnic-Group#24812003,0,9T1C.,Chinese,1,Mongoloid (Id: 24812003)|Asian - ethnic group (Id: 315280000),,,Population Group,S-64060,Chinese (Id: 154224002)|Chinese (Id: 154181004)|Chinese (Id: 186004002)|Race: Chinese (Id: 160525008),Chinese (ethnic group),,,,,,T098,C0152035
http://purl.bioontology.org/ontology/SNOMED-Ethnic-Group#275600005,Greek Cypriot (NMO),,,FALSE,,,http://purl.bioontology.org/ontology/SNOMED-Ethnic-Group#270466006,0,XM1SG,Greek Cypriot (NMO),1,Greek/Greek Cypriot (NMO) (Id: 270466006),,Greek &/or Greek Cypriot (NMO) (Id: 186015007)|Greek &/or Greek Cypriot (NMO) (Id: 154192003),Population Group,F-00861,,Greek Cypriot (NMO) (ethnic group),,,,,,T098,C0554966
http://purl.bioontology.org/ontology/SNOMED-Ethnic-Group#20140003,Hawaiians,,,FALSE,,,http://purl.bioontology.org/ontology/SNOMED-Ethnic-Group#18575005,0,XU9Gd,Hawaiians,1,Oceanian (Id: 18575005),,,Population Group,S-65080,,Hawaiians (ethnic group),,,,,,T098,C0337920
http://purl.bioontology.org/ontology/SNOMED-Ethnic-Group#3698008,Micronesians,,,FALSE,,,http://purl.bioontology.org/ontology/SNOMED-Ethnic-Group#18575005,0,XUCg8,Micronesians,1,Oceanian (Id: 18575005),,,Population Group,S-65140,Micronesian race (Id: 44356001),Micronesians (ethnic group),,,,,,T098,C1556099
http://purl.bioontology.org/ontology/SNOMED-Ethnic-Group#186007009,British ethnic minority unspecified (NMO),,,FALSE,,,http://purl.bioontology.org/ontology/SNOMED-Ethnic-Group#186005001,0,9SA2.,British ethnic minority unspecified (NMO),1,Other ethnic non-mixed (NMO) (Id: 186005001),,,Population Group,F-0018E,Brit. ethnic minor. unsp (NMO) (Id: 154184007),British ethnic minority unspecified (NMO) (ethnic group),Brit. ethnic minor. unsp (NMO),,,,,T098,C0422787
http://purl.bioontology.org/ontology/SNOMED-Ethnic-Group#186022004,"Other ethnic, mixed white origin",,,FALSE,,,http://purl.bioontology.org/ontology/SNOMED-Ethnic-Group#186019001,0,9SB3.,"Other ethnic, mixed white origin",1,"Other ethnic, mixed origin (Id: 186019001)",,,Population Group,F-001A2,"Other ethnic, mixed white orig (Id: 154199007)","Other ethnic, mixed white origin (ethnic group)","Other ethnic, mixed white orig",,,,,T098,C0422802
http://purl.bioontology.org/ontology/SNOMED-Ethnic-Group#75326007,Labradors,,,FALSE,,,http://purl.bioontology.org/ontology/SNOMED-Ethnic-Group#66920001,0,XUKJk,Labradors,1,Amerind (Id: 66920001),,,Population Group,S-63230,,Labradors (ethnic group),,,,,,T098,C0337873
http://purl.bioontology.org/ontology/SNOMED-Ethnic-Group#33182009,Trukese,,,FALSE,,,http://purl.bioontology.org/ontology/SNOMED-Ethnic-Group#18575005,0,XUBut,Trukese,1,Oceanian (Id: 18575005),,,Population Group,S-65250,,Trukese (ethnic group),,,,,,T098,C0337934
http://purl.bioontology.org/ontology/SNOMED-Ethnic-Group#69983001,Irani,,,FALSE,,,http://purl.bioontology.org/ontology/SNOMED-Ethnic-Group#315280000,0,XUJG9,Irani,1,Asian - ethnic group (Id: 315280000),,,Population Group,S-61230,,Irani (ethnic group),,,,,,T098,C0337811
http://purl.bioontology.org/ontology/SNOMED-Ethnic-Group#315279003,Other black ethnic group,,,FALSE,,,http://purl.bioontology.org/ontology/SNOMED-Ethnic-Group#315240009,0,XaFwy,Other black ethnic group,1,Black - ethnic group (Id: 315240009),,,Population Group,F-02222,Other black ethnic group (Id: 186029008)|Other black ethnic group (Id: 154206004),Other black ethnic group (ethnic group),,,,,,T098,C1278528
http://purl.bioontology.org/ontology/SNOMED-Ethnic-Group#186021006,"Other ethnic, Asian/White origin",,,FALSE,,,http://purl.bioontology.org/ontology/SNOMED-Ethnic-Group#186019001,0,9SB2.,"Other ethnic, Asian/White origin",1,"Other ethnic, mixed origin (Id: 186019001)",,,Population Group,F-001A0,"Other ethnic, Asian/White orig (Id: 154198004)","Other ethnic, Asian/White origin (ethnic group)",,,,,"Other ethnic, Asian/White orig",T098,C0422801
http://purl.bioontology.org/ontology/SNOMED-Ethnic-Group#46110004,Somalis,,,FALSE,,,http://purl.bioontology.org/ontology/SNOMED-Ethnic-Group#18167009,0,XUEXt,Somalis,1,Black African (Id: 18167009),,,Population Group,S-62260,,Somalis (ethnic group),,,,,,T098,C0337847
http://purl.bioontology.org/ontology/SNOMED-Ethnic-Group#14470009,Tutsi,,,FALSE,,,http://purl.bioontology.org/ontology/SNOMED-Ethnic-Group#18167009,0,XU7oD,Tutsi,1,Black African (Id: 18167009),,,Population Group,S-62290,,Tutsi (ethnic group),,,,,,T098,C0337849
http://purl.bioontology.org/ontology/SNOMED-Ethnic-Group#15801006,Kapingas,,,FALSE,,,http://purl.bioontology.org/ontology/SNOMED-Ethnic-Group#18575005,0,XU87C,Kapingas,1,Oceanian (Id: 18575005),,,Population Group,S-65090,,Kapingas (ethnic group),,,,,,T098,C0337921
http://purl.bioontology.org/ontology/SNOMED-Ethnic-Group#185988007,Black Caribbean,,,FALSE,,,http://purl.bioontology.org/ontology/SNOMED-Ethnic-Group#315240009,0,9S2..,Black Caribbean,1,Black - ethnic group (Id: 315240009),,Black Caribbean &/or W.I. &/or Guyana (Id: 185991007)|Black Caribbean &/or W.I. &/or Guyana (Id: 154168006),Population Group,F-00173,Black Caribbean (Id: 154164008),Black Caribbean (ethnic group),,,,,,T098,C0422771
http://purl.bioontology.org/ontology/SNOMED-Ethnic-Group#186003008,Bangladeshi,,,FALSE,,,http://purl.bioontology.org/ontology/SNOMED-Ethnic-Group#315280000,0,9S8..,Bangladeshi,1,Asian - ethnic group (Id: 315280000),,,Population Group,F-00188,Race: Bangladeshi (Id: 160529002)|Bangladeshi (Id: 154180003),Bangladeshi (ethnic group),,,,,,T098,C0422784
http://purl.bioontology.org/ontology/SNOMED-Ethnic-Group#2852001,Bhutanese,,,FALSE,,,http://purl.bioontology.org/ontology/SNOMED-Ethnic-Group#24812003,0,XUAzs,Bhutanese,1,Mongoloid (Id: 24812003),,,Population Group,S-64020,,Bhutanese (ethnic group),,,,,,T098,C0337894
http://purl.bioontology.org/ontology/SNOMED-Ethnic-Group#315237009,White Irish,,,FALSE,,,http://purl.bioontology.org/ontology/SNOMED-Ethnic-Group#185984009,0,XaFwE,White Irish,1,White - ethnic group (Id: 185984009),,,Population Group,F-021FD,White Irish (Id: 154162007)|White Irish (Id: 185986006),White Irish (ethnic group),,,,,,T098,C1278524
http://purl.bioontology.org/ontology/SNOMED-Ethnic-Group#48118002,Yapese,,,FALSE,,,http://purl.bioontology.org/ontology/SNOMED-Ethnic-Group#18575005,0,XUEwW,Yapese,1,Oceanian (Id: 18575005),,,Population Group,S-65260,,Yapese (ethnic group),,,,,,T098,C1556105
http://purl.bioontology.org/ontology/SNOMED-Ethnic-Group#185989004,"Black, other, non-mixed origin",,,FALSE,,,http://purl.bioontology.org/ontology/SNOMED-Ethnic-Group#315240009,0,9S4..,"Black, other, non-mixed origin",1,Black - ethnic group (Id: 315240009),Black Black - other (Id: 154174006)|Black Black - other (Id: 185997006),,Population Group,F-00174,"Black, other, non-mixed origin (Id: 154166005)","Black, other, non-mixed origin (ethnic group)",,,,,,T098,C0422772
http://purl.bioontology.org/ontology/SNOMED-Ethnic-Group#71949006,Chippewa,,,FALSE,,,http://purl.bioontology.org/ontology/SNOMED-Ethnic-Group#66920001,0,XUJeR,Chippewa,1,Amerind (Id: 66920001),,,Population Group,S-63110,,Chippewa (ethnic group),,,,,,T098,C0337862
http://purl.bioontology.org/ontology/SNOMED-Ethnic-Group#113169009,Armenians,,,FALSE,,,http://purl.bioontology.org/ontology/SNOMED-Ethnic-Group#372148003,0,XU3FQ,Armenians,1,Ethnic group (Id: 372148003),,,Population Group,S-61020,,Armenians (ethnic group),,,,,,T098,C0337794
http://purl.bioontology.org/ontology/SNOMED-Ethnic-Group#21993009,Indonesians,,,FALSE,,,http://purl.bioontology.org/ontology/SNOMED-Ethnic-Group#24812003,0,XU9hO,Indonesians,1,Mongoloid (Id: 24812003),,,Population Group,S-64100,,Indonesians (ethnic group),,,,,,T098,C0337900
http://purl.bioontology.org/ontology/SNOMED-Ethnic-Group#90348007,Ghashgai,,,FALSE,,,http://purl.bioontology.org/ontology/SNOMED-Ethnic-Group#24812003,0,XUNM2,Ghashgai,1,Mongoloid (Id: 24812003),,,Population Group,S-64090,,Ghashgai (ethnic group),,,,,,T098,C0337899
http://purl.bioontology.org/ontology/SNOMED-Ethnic-Group#312859007,Vietnamese,,,FALSE,,,http://purl.bioontology.org/ontology/SNOMED-Ethnic-Group#315280000,0,XaE4A,Vietnamese,1,Asian - ethnic group (Id: 315280000),,,Population Group,S-60001,Vietnamese (Id: 186026001)|Vietnamese (Id: 154203007),Vietnamese (ethnic group),,,,,,T098,C1561452
http://purl.bioontology.org/ontology/SNOMED-Ethnic-Group#17095009,Norwegians,,,FALSE,,,http://purl.bioontology.org/ontology/SNOMED-Ethnic-Group#372148003,0,XU8PQ,Norwegians,1,Ethnic group (Id: 372148003),,,Population Group,S-61240,,Norwegians (ethnic group),,,,,,T098,C0337812
http://purl.bioontology.org/ontology/SNOMED-Ethnic-Group#270466006,Greek/Greek Cypriot (NMO),,,FALSE,,,http://purl.bioontology.org/ontology/SNOMED-Ethnic-Group#186005001,0,XE2Nz,Greek/Greek Cypriot (NMO),1,Other ethnic non-mixed (NMO) (Id: 186005001),,Greek &/or Greek Cypriot (NMO) (Id: 186015007)|Greek &/or Greek Cypriot (NMO) (Id: 154192003),Population Group,F-00570,,Greek/Greek Cypriot (NMO) (ethnic group),,,,,,T098,C0422795
http://purl.bioontology.org/ontology/SNOMED-Ethnic-Group#17789004,Papuans,,,FALSE,,,http://purl.bioontology.org/ontology/SNOMED-Ethnic-Group#18575005,0,XU8Y5,Papuans,1,Oceanian (Id: 18575005),,,Population Group,S-65190,,Papuans (ethnic group),,,,,,T098,C0337929
http://purl.bioontology.org/ontology/SNOMED-Ethnic-Group#13440006,Tanganyikans,,,FALSE,,,http://purl.bioontology.org/ontology/SNOMED-Ethnic-Group#18167009,0,XU7Xz,Tanganyikans,1,Black African (Id: 18167009),,,Population Group,S-62280,,Tanganyikans (ethnic group),,,,,,T098,C0337848
http://purl.bioontology.org/ontology/SNOMED-Ethnic-Group#275593008,Guyana (NMO),,,FALSE,,,http://purl.bioontology.org/ontology/SNOMED-Ethnic-Group#270463003,0,XM1SA,Guyana (NMO),1,Caribbean I./W.I./Guyana (NMO) (Id: 270463003),,Caribbean I. &/or W.I. &/or Guyana (NMO) (Id: 186008004)|Caribbean I. &/or W.I. &/or Guyana (NMO) (Id: 154185008),Population Group,F-0085B,,Guyana (NMO) (ethnic group),,,,,,T098,C0554960
http://purl.bioontology.org/ontology/SNOMED-Ethnic-Group#76253004,Zulu,,,FALSE,,,http://purl.bioontology.org/ontology/SNOMED-Ethnic-Group#18167009,0,XUKUw,Zulu,1,Black African (Id: 18167009),,,Population Group,S-62340,,Zulu (ethnic group),,,,,,T098,C0043537
http://purl.bioontology.org/ontology/SNOMED-Ethnic-Group#32873005,Bloods,,,FALSE,,,http://purl.bioontology.org/ontology/SNOMED-Ethnic-Group#66920001,0,XUBrB,Bloods,1,Amerind (Id: 66920001),,,Population Group,S-63090,,Bloods (ethnic group),,,,,,T098,C0392895
http://purl.bioontology.org/ontology/SNOMED-Ethnic-Group#38361009,Koreans,,,FALSE,,,http://purl.bioontology.org/ontology/SNOMED-Ethnic-Group#24812003,0,XUCx8,Koreans,1,Mongoloid (Id: 24812003),,,Population Group,S-64140,Race: Korean (Id: 160526009),Koreans (ethnic group),,,,,,T098,C1556095
http://purl.bioontology.org/ontology/SNOMED-Ethnic-Group#18583004,Estonians,,,FALSE,,,http://purl.bioontology.org/ontology/SNOMED-Ethnic-Group#372148003,0,XU8hr,Estonians,1,Ethnic group (Id: 372148003),,,Population Group,S-61120,,Estonians (ethnic group),,,,,,T098,C0337802
http://purl.bioontology.org/ontology/SNOMED-Ethnic-Group#35007000,Utes,,,FALSE,,,http://purl.bioontology.org/ontology/SNOMED-Ethnic-Group#66920001,0,XUCHf,Utes,1,Amerind (Id: 66920001),,,Population Group,S-63370,,Utes (ethnic group),,,,,,T098,C1556092
http://purl.bioontology.org/ontology/SNOMED-Ethnic-Group#23922002,Batutsi,,,FALSE,,,http://purl.bioontology.org/ontology/SNOMED-Ethnic-Group#18167009,0,XUA5J,Batutsi,1,Black African (Id: 18167009),,,Population Group,S-62040,,Batutsi (ethnic group),,,,,,T098,C0337828
http://purl.bioontology.org/ontology/SNOMED-Ethnic-Group#85371009,Bushmen,,,FALSE,,,http://purl.bioontology.org/ontology/SNOMED-Ethnic-Group#18167009,0,XUMKe,Bushmen,1,Black African (Id: 18167009),,,Population Group,S-62050,,Bushmen (ethnic group),,,,,,T098,C0337829
http://purl.bioontology.org/ontology/SNOMED-Ethnic-Group#72248007,Kikuyu,,,FALSE,,,http://purl.bioontology.org/ontology/SNOMED-Ethnic-Group#18167009,0,XUJhz,Kikuyu,1,Black African (Id: 18167009),,,Population Group,S-62160,,Kikuyu (ethnic group),,,,,,T098,C0337840
http://purl.bioontology.org/ontology/SNOMED-Ethnic-Group#68486007,Austrians,,,FALSE,,,http://purl.bioontology.org/ontology/SNOMED-Ethnic-Group#372148003,0,XUIxc,Austrians,1,Ethnic group (Id: 372148003),,,Population Group,S-61030,,Austrians (ethnic group),,,,,,T098,C0337795
http://purl.bioontology.org/ontology/SNOMED-Ethnic-Group#11794009,Kenyans,,,FALSE,,,http://purl.bioontology.org/ontology/SNOMED-Ethnic-Group#18167009,0,XU4VK,Kenyans,1,Black African (Id: 18167009),,,Population Group,S-62150,,Kenyans (ethnic group),,,,,,T098,C0337839
http://purl.bioontology.org/ontology/SNOMED-Ethnic-Group#72201005,Hobe,,,FALSE,,,http://purl.bioontology.org/ontology/SNOMED-Ethnic-Group#18167009,0,XUJhM,Hobe,1,Black African (Id: 18167009),,,Population Group,S-62110,,Hobe (ethnic group),,,,,,T098,C0337835
http://purl.bioontology.org/ontology/SNOMED-Ethnic-Group#39007007,Black Jews,,,FALSE,,,http://purl.bioontology.org/ontology/SNOMED-Ethnic-Group#18167009,0,XUD6R,Black Jews,1,Black African (Id: 18167009),,,Population Group,S-62350,,Black Jews (ethnic group),,,,,,T098,C0337852
http://purl.bioontology.org/ontology/SNOMED-Ethnic-Group#186042008,Tokelauan,,,FALSE,,,http://purl.bioontology.org/ontology/SNOMED-Ethnic-Group#372148003,0,9T18.,Tokelauan,1,Ethnic group (Id: 372148003),,Tinea imbricata (Id: 11250004),Population Group,S-60008,Tokelauan (Id: 154220006),Tokelauan (ethnic group),,,,,Tokelau,T098,C0438967
http://purl.bioontology.org/ontology/SNOMED-Ethnic-Group#62598008,Venezuelan Indians,,,FALSE,,,http://purl.bioontology.org/ontology/SNOMED-Ethnic-Group#66920001,0,XUHnp,Venezuelan Indians,1,Amerind (Id: 66920001),,,Population Group,S-63380,,Venezuelan Indians (ethnic group),,,,,,T098,C0337889
http://purl.bioontology.org/ontology/SNOMED-Ethnic-Group#79434006,Quechua,,,FALSE,,,http://purl.bioontology.org/ontology/SNOMED-Ethnic-Group#66920001,0,XUL85,Quechua,1,Amerind (Id: 66920001),,,Population Group,S-63330,,Quechua (ethnic group),,,,,,T098,C0337884
http://purl.bioontology.org/ontology/SNOMED-Ethnic-Group#13233008,Flathead,,,FALSE,,,http://purl.bioontology.org/ontology/SNOMED-Ethnic-Group#372148003,0,XU7UP,Flathead,1,Ethnic group (Id: 372148003),,,Population Group,S-63180,,Flathead (ethnic group),,,,,,T098,C0337868
http://purl.bioontology.org/ontology/SNOMED-Ethnic-Group#186014006,Irish (NMO),,,FALSE,,,http://purl.bioontology.org/ontology/SNOMED-Ethnic-Group#186005001,0,9SA9.,Irish (NMO),1,Other ethnic non-mixed (NMO) (Id: 186005001),,,Population Group,F-00199,Irish (NMO) (Id: 154191005),Irish (NMO) (ethnic group),,,,,,T098,C0422794
http://purl.bioontology.org/ontology/SNOMED-Ethnic-Group#185990008,Black British,,,FALSE,,,http://purl.bioontology.org/ontology/SNOMED-Ethnic-Group#185989004,0,9S41.,Black British,1,"Black, other, non-mixed origin (Id: 185989004)",,,Population Group,F-00175,Black British (Id: 154167001),Black British (ethnic group),,,,,,T098,C0422773
http://purl.bioontology.org/ontology/SNOMED-Ethnic-Group#8124001,West Africans,,,FALSE,,,http://purl.bioontology.org/ontology/SNOMED-Ethnic-Group#18167009,0,XULTx,West Africans,1,Black African (Id: 18167009),,,Population Group,S-62320,,West Africans (ethnic group),,,,,,T098,C0238606
http://purl.bioontology.org/ontology/SNOMED-Ethnic-Group#27301002,Paez,,,FALSE,,,http://purl.bioontology.org/ontology/SNOMED-Ethnic-Group#66920001,0,XUAke,Paez,1,Amerind (Id: 66920001),,,Population Group,S-63300,,Paez (ethnic group),,,,,,T098,C0337881
http://purl.bioontology.org/ontology/SNOMED-Ethnic-Group#48375000,Seminole,,,FALSE,,,http://purl.bioontology.org/ontology/SNOMED-Ethnic-Group#66920001,0,XUEzQ,Seminole,1,Amerind (Id: 66920001),,,Population Group,S-63340,,Seminole (ethnic group),,,,,,T098,C1556091
http://purl.bioontology.org/ontology/SNOMED-Ethnic-Group#186002003,Pakistani,,,FALSE,,,http://purl.bioontology.org/ontology/SNOMED-Ethnic-Group#315280000,0,9S7..,Pakistani,1,Asian - ethnic group (Id: 315280000),,,Population Group,F-00187,Race: Pakistani (Id: 160533009)|Pakistani (Id: 154179001),Pakistani (ethnic group),,,,,,T098,C0240620
http://purl.bioontology.org/ontology/SNOMED-Ethnic-Group#401213008,White Scottish,,,FALSE,,,http://purl.bioontology.org/ontology/SNOMED-Ethnic-Group#315236000,0,XUZFn,White Scottish,1,White British (Id: 315236000),,,Population Group,F-02C0E,,White Scottish (ethnic group),,,,,,T098,C1303180
http://purl.bioontology.org/ontology/SNOMED-Ethnic-Group#413466005,Afro-Caucasian,,,FALSE,,,http://purl.bioontology.org/ontology/SNOMED-Ethnic-Group#372148003,0,XUcF1,Afro-Caucasian,1,Ethnic group (Id: 372148003),,,Population Group,S-0003C,Race: Afro-caucasian (Id: 160532004),Afro-Caucasian (ethnic group),,,,,,T098,C1531486
http://purl.bioontology.org/ontology/SNOMED-Ethnic-Group#186005001,Other ethnic non-mixed (NMO),,,FALSE,,,http://purl.bioontology.org/ontology/SNOMED-Ethnic-Group#372148003,0,9SA..,Other ethnic non-mixed (NMO),1,Ethnic group (Id: 372148003),Other ethnic NEC (NMO) (Id: 186018009)|Other ethnic NEC (NMO) (Id: 154195001),,Population Group,F-0018A,Other ethnic non-mixed (NMO) (Id: 154182006),Other ethnic non-mixed (NMO) (ethnic group),,,,,,T098,C0422785
http://purl.bioontology.org/ontology/SNOMED-Ethnic-Group#44460002,Turks,,,FALSE,,,http://purl.bioontology.org/ontology/SNOMED-Ethnic-Group#24812003,0,XUEEF,Turks,1,Mongoloid (Id: 24812003),,,Population Group,S-64220,,Turks (ethnic group),,,,,,T098,C0337911
http://purl.bioontology.org/ontology/SNOMED-Ethnic-Group#58047002,Barundi,,,FALSE,,,http://purl.bioontology.org/ontology/SNOMED-Ethnic-Group#18167009,0,XUGud,Barundi,1,Black African (Id: 18167009),,,Population Group,S-62030,,Barundi (ethnic group),,,,,,T098,C0337827
http://purl.bioontology.org/ontology/SNOMED-Ethnic-Group#185993005,Black - other African country,,,FALSE,,,http://purl.bioontology.org/ontology/SNOMED-Ethnic-Group#185989004,0,9S44.,Black - other African country,1,"Black, other, non-mixed origin (Id: 185989004)",,,Population Group,F-00176,Black - other African country (Id: 154170002),Black - other African country (ethnic group),,,,,,T098,C0422776
http://purl.bioontology.org/ontology/SNOMED-Ethnic-Group#275592003,West Indian (NMO),,,FALSE,,,http://purl.bioontology.org/ontology/SNOMED-Ethnic-Group#270463003,0,XM1S9,West Indian (NMO),1,Caribbean I./W.I./Guyana (NMO) (Id: 270463003),,Caribbean I. &/or W.I. &/or Guyana (NMO) (Id: 186008004)|Caribbean I. &/or W.I. &/or Guyana (NMO) (Id: 154185008),Population Group,F-0085A,,West Indian (NMO) (ethnic group),,,,,,T098,C0554959
http://purl.bioontology.org/ontology/SNOMED-Ethnic-Group#81403004,Swedes,,,FALSE,,,http://purl.bioontology.org/ontology/SNOMED-Ethnic-Group#372148003,0,XULW5,Swedes,1,Ethnic group (Id: 372148003),,,Population Group,S-61310,,Swedes (ethnic group),,,,,,T098,C0337818
http://purl.bioontology.org/ontology/SNOMED-Ethnic-Group#26215007,South Asian Aborigine,,,FALSE,,,http://purl.bioontology.org/ontology/SNOMED-Ethnic-Group#108342005,0,XUAX9,South Asian Aborigine,1,South Asian AND/OR Australian aborigine (Id: 108342005),,,Population Group,S-66000,,South Asian Aborigine (ethnic group),"South Asian Aborigine, NOS",,,,,T098,C0337937
http://purl.bioontology.org/ontology/SNOMED-Ethnic-Group#186001005,Indian (East Indian),,,FALSE,,,http://purl.bioontology.org/ontology/SNOMED-Ethnic-Group#315280000,0,9S6..,Indian (East Indian),1,Asian - ethnic group (Id: 315280000),,,Population Group,F-00186,Indian (Id: 154178009)|Indian (Id: 186045005)|Indian (Id: 154225001),Indian (East Indian) (ethnic group),Indian,,,,,T098,C0422792
http://purl.bioontology.org/ontology/SNOMED-Ethnic-Group#51827000,Oriental Jews,,,FALSE,,,http://purl.bioontology.org/ontology/SNOMED-Ethnic-Group#372148003,0,XUFg5,Oriental Jews,1,Ethnic group (Id: 372148003),,,Population Group,S-61250,,Oriental Jews (ethnic group),,,,,,T098,C0337813
http://purl.bioontology.org/ontology/SNOMED-Ethnic-Group#186035008,New Zealand ethnic groups,,,FALSE,,,http://purl.bioontology.org/ontology/SNOMED-Ethnic-Group#372148003,0,9T1..,New Zealand ethnic groups,1,Ethnic group (Id: 372148003),New Zealand ethnic group NOS (Id: 154229007)|New Zealand ethnic group NOS (Id: 186048007),,Population Group,S-60002,New Zealand ethnic groups (Id: 154212009),New Zealand ethnic groups (ethnic group),,,,,,T098,C0438961
http://purl.bioontology.org/ontology/SNOMED-Ethnic-Group#275589002,Black East African Asian,,,FALSE,,,http://purl.bioontology.org/ontology/SNOMED-Ethnic-Group#270462008,0,XM1S6,Black East African Asian,1,Black East African Asian/Indo-Caribbean (Id: 270462008),,Black E Afric Asia &/or Indo-Caribb (Id: 154171003)|Black E Afric Asia &/or Indo-Caribb (Id: 185994004),Population Group,F-00857,,Black East African Asian (ethnic group),,,,,,T098,C0554956
http://purl.bioontology.org/ontology/SNOMED-Ethnic-Group#60157000,Ellice Islanders,,,FALSE,,,http://purl.bioontology.org/ontology/SNOMED-Ethnic-Group#18575005,0,XUHK0,Ellice Islanders,1,Oceanian (Id: 18575005),,,Population Group,S-65040,,Ellice Islanders (ethnic group),,,,,,T098,C0337916
http://purl.bioontology.org/ontology/SNOMED-Ethnic-Group#49202008,Gilbertese,,,FALSE,,,http://purl.bioontology.org/ontology/SNOMED-Ethnic-Group#18575005,0,XUF9d,Gilbertese,1,Oceanian (Id: 18575005),,,Population Group,S-65060,,Gilbertese (ethnic group),,,,,,T098,C0337918
http://purl.bioontology.org/ontology/SNOMED-Ethnic-Group#15086000,African American,,,FALSE,,,http://purl.bioontology.org/ontology/SNOMED-Ethnic-Group#315240009,0,XU7xK,African American,1,Black - ethnic group (Id: 315240009),,,Population Group,S-62310,,African American (ethnic group),U.S. Blacks,,,,United States Black,T098,C0085756
http://purl.bioontology.org/ontology/SNOMED-Ethnic-Group#22007004,Shoshone,,,FALSE,,,http://purl.bioontology.org/ontology/SNOMED-Ethnic-Group#66920001,0,XU9hZ,Shoshone,1,Amerind (Id: 66920001),,,Population Group,S-63350,,Shoshone (ethnic group),,,,,,T098,C0337886
http://purl.bioontology.org/ontology/SNOMED-Ethnic-Group#113171009,Coushatta,,,FALSE,,,http://purl.bioontology.org/ontology/SNOMED-Ethnic-Group#66920001,0,XU3FS,Coushatta,1,Amerind (Id: 66920001),,,Population Group,S-63140,,Coushatta (ethnic group),,,,,,T098,C0337865
http://purl.bioontology.org/ontology/SNOMED-Ethnic-Group#27700004,Iraqi,,,FALSE,,,http://purl.bioontology.org/ontology/SNOMED-Ethnic-Group#315280000,0,XUApt,Iraqi,1,Asian - ethnic group (Id: 315280000),,,Population Group,S-61380,,Iraqi (ethnic group),,,,,,T098,C1556087
http://purl.bioontology.org/ontology/SNOMED-Ethnic-Group#414978006,Oriental,,,FALSE,,,http://purl.bioontology.org/ontology/SNOMED-Ethnic-Group#315280000,0,XUcF9,Oriental,1,Asian - ethnic group (Id: 315280000),,,Population Group,F-04C48,Race: Oriental (Id: 160527000),Oriental (ethnic group),,,,,,T098,C0078988
http://purl.bioontology.org/ontology/SNOMED-Ethnic-Group#315240009,Black - ethnic group,,,FALSE,,,http://purl.bioontology.org/ontology/SNOMED-Ethnic-Group#372148003,0,XaFwH,Black - ethnic group,1,Ethnic group (Id: 372148003),,,Population Group,F-0220F,,Black - ethnic group (ethnic group),,,,,Black,T098,C0005680
http://purl.bioontology.org/ontology/SNOMED-Ethnic-Group#108342005,South Asian AND/OR Australian aborigine,,,FALSE,,,http://purl.bioontology.org/ontology/SNOMED-Ethnic-Group#372148003,0,XU26e,South Asian AND/OR Australian aborigine,1,Ethnic group (Id: 372148003),,,Population Group,S-660F8,,South Asian AND/OR Australian aborigine (ethnic group),,,,,,T098,C1266868
http://purl.bioontology.org/ontology/SNOMED-Ethnic-Group#315283003,Irish traveller,,,FALSE,,,http://purl.bioontology.org/ontology/SNOMED-Ethnic-Group#315237009,0,XaFx2,Irish traveller,1,White Irish (Id: 315237009),,,Population Group,F-0222B,Irish traveller (Id: 154208003)|Irish traveller (Id: 186031004),Irish traveller (ethnic group),,,,,,T098,C1278529
http://purl.bioontology.org/ontology/SNOMED-Ethnic-Group#91488008,New Britons,,,FALSE,,,http://purl.bioontology.org/ontology/SNOMED-Ethnic-Group#18575005,0,XUNaY,New Britons,1,Oceanian (Id: 18575005),,,Population Group,S-65150,,New Britons (ethnic group),,,,,,T098,C0337925
http://purl.bioontology.org/ontology/SNOMED-Ethnic-Group#186017004,Other European (NMO),,,FALSE,,,http://purl.bioontology.org/ontology/SNOMED-Ethnic-Group#186005001,0,9SAC.,Other European (NMO),1,Other ethnic non-mixed (NMO) (Id: 186005001),,,Population Group,F-0019A,Other European (NMO) (Id: 154194002),Other European (NMO) (ethnic group),,,,,,T098,C0422797
http://purl.bioontology.org/ontology/SNOMED-Ethnic-Group#21047009,Aleuts,,,FALSE,,,http://purl.bioontology.org/ontology/SNOMED-Ethnic-Group#66920001,0,XU9Vk,Aleuts,1,Amerind (Id: 66920001),,,Population Group,S-63020,,Aleuts (ethnic group),,,,,,T098,C0085766
http://purl.bioontology.org/ontology/SNOMED-Ethnic-Group#37474002,Ghanaians,,,FALSE,,,http://purl.bioontology.org/ontology/SNOMED-Ethnic-Group#18167009,0,XUCmJ,Ghanaians,1,Black African (Id: 18167009),,,Population Group,S-62100,,Ghanaians (ethnic group),,,,,,T098,C0337834
http://purl.bioontology.org/ontology/SNOMED-Ethnic-Group#3818007,Senegalese,,,FALSE,,,http://purl.bioontology.org/ontology/SNOMED-Ethnic-Group#18167009,0,XUCux,Senegalese,1,Black African (Id: 18167009),,,Population Group,S-62240,,Senegalese (ethnic group),,,,,,T098,C0337846
http://purl.bioontology.org/ontology/SNOMED-Ethnic-Group#275586009,Black North African,,,FALSE,,,http://purl.bioontology.org/ontology/SNOMED-Ethnic-Group#270461001,0,XM1S3,Black North African,1,Black N African/Arab/Iranian (Id: 270461001),,Black N African &/or Arab &/or Iranian (Id: 154169003)|Black N African &/or Arab &/or Iranian (Id: 185992000),Population Group,F-00854,,Black North African (ethnic group),,,,,,T098,C0554953
http://purl.bioontology.org/ontology/SNOMED-Ethnic-Group#87323008,Nez PercÃ©,,,FALSE,,,http://purl.bioontology.org/ontology/SNOMED-Ethnic-Group#66920001,0,XUMkH,Nez PercÃ©,1,Amerind (Id: 66920001),,,Population Group,S-63290,Nez PercÃ© (Id: 87323008),Nez PercÃ© (ethnic group),,Nez Perce (ethnic group),Nez Perce,,Nez Perce,T098,C0337880
http://purl.bioontology.org/ontology/SNOMED-Ethnic-Group#10432001,Onge,,,FALSE,,,http://purl.bioontology.org/ontology/SNOMED-Ethnic-Group#108342005,0,XU195,Onge,1,South Asian AND/OR Australian aborigine (Id: 108342005),,,Population Group,S-66080,,Onge (ethnic group),,,,,,T098,C0337945
http://purl.bioontology.org/ontology/SNOMED-Ethnic-Group#185996002,Black - other Asian,,,FALSE,,,http://purl.bioontology.org/ontology/SNOMED-Ethnic-Group#185989004|http://purl.bioontology.org/ontology/SNOMED-Ethnic-Group#315280000,0,9S47.,Black - other Asian,1,"Black, other, non-mixed origin (Id: 185989004)|Asian - ethnic group (Id: 315280000)",,,Population Group,F-0017B,Black - other Asian (Id: 154173000),Black - other Asian (ethnic group),,,,,,T098,C0422779
http://purl.bioontology.org/ontology/SNOMED-Ethnic-Group#20291009,Lacandon,,,FALSE,,,http://purl.bioontology.org/ontology/SNOMED-Ethnic-Group#66920001,0,XU9Kt,Lacandon,1,Amerind (Id: 66920001),,,Population Group,S-63240,,Lacandon (ethnic group),,,,,,T098,C0337874
http://purl.bioontology.org/ontology/SNOMED-Ethnic-Group#3353005,Pueblo,,,FALSE,,,http://purl.bioontology.org/ontology/SNOMED-Ethnic-Group#66920001,0,XUBzG,Pueblo,1,Amerind (Id: 66920001),,,Population Group,S-63320,,Pueblo (ethnic group),,,,,,T098,C1556090
http://purl.bioontology.org/ontology/SNOMED-Ethnic-Group#365455004,Ethnic groups (1991 census) (UK),,,FALSE,,,http://purl.bioontology.org/ontology/SNOMED-Ethnic-Group#372148003,0,XUTNd,Ethnic groups (1991 census) (UK),1,Ethnic group (Id: 372148003),Ethnic groups (census) NOS (Id: 186033001)|Ethnic groups (census) NOS (Id: 154210001),,Population Group,S-6000A,,Ethnic groups (1991 census)(UK) (ethnic group),Ethnic groups (1991 census)(UK) - finding,,,,Ethnic groups (1991 census)(UK),T098,C0422804
http://purl.bioontology.org/ontology/SNOMED-Ethnic-Group#74159009,Melanuans,,,FALSE,,,http://purl.bioontology.org/ontology/SNOMED-Ethnic-Group#18575005,0,XUK5q,Melanuans,1,Oceanian (Id: 18575005),,,Population Group,S-65120,,Melanuans (ethnic group),,,,,,T098,C0337923
http://purl.bioontology.org/ontology/SNOMED-Ethnic-Group#113170005,Aymara,,,FALSE,,,http://purl.bioontology.org/ontology/SNOMED-Ethnic-Group#66920001,0,XU3FR,Aymara,1,Amerind (Id: 66920001),,,Population Group,S-63060,,Aymara (ethnic group),,,,,,T098,C0337858
http://purl.bioontology.org/ontology/SNOMED-Ethnic-Group#81560001,Tongan,,,FALSE,,,http://purl.bioontology.org/ontology/SNOMED-Ethnic-Group#18575005,0,9T16.,Tongan,1,Oceanian (Id: 18575005),,,Population Group,S-65240,Tongan (Id: 154218008),Tongan (ethnic group),Tongans,,,,,T098,C0337933
http://purl.bioontology.org/ontology/SNOMED-Ethnic-Group#4299001,Marathas,,,FALSE,,,http://purl.bioontology.org/ontology/SNOMED-Ethnic-Group#108342005,0,XUDvu,Marathas,1,South Asian AND/OR Australian aborigine (Id: 108342005),,,Population Group,S-66050,,Marathas (ethnic group),,,,,,T098,C0337942
http://purl.bioontology.org/ontology/SNOMED-Ethnic-Group#48679001,Bogobos,,,FALSE,,,http://purl.bioontology.org/ontology/SNOMED-Ethnic-Group#24812003,0,XUF35,Bogobos,1,Mongoloid (Id: 24812003),,,Population Group,S-64030,,Bogobos (ethnic group),,,,,,T098,C0337895
http://purl.bioontology.org/ontology/SNOMED-Ethnic-Group#75704009,Toba,,,FALSE,,,http://purl.bioontology.org/ontology/SNOMED-Ethnic-Group#66920001,0,XUKOG,Toba,1,Amerind (Id: 66920001),,,Population Group,S-63360,,Toba (ethnic group),,,,,,T098,C0337887
http://purl.bioontology.org/ontology/SNOMED-Ethnic-Group#270463003,Caribbean I./W.I./Guyana (NMO),,,FALSE,,,http://purl.bioontology.org/ontology/SNOMED-Ethnic-Group#186005001,0,XE2Nw,Caribbean I./W.I./Guyana (NMO),1,Other ethnic non-mixed (NMO) (Id: 186005001),,Caribbean I. &/or W.I. &/or Guyana (NMO) (Id: 186008004)|Caribbean I. &/or W.I. &/or Guyana (NMO) (Id: 154185008),Population Group,F-0056D,,Caribbean I./W.I./Guyana (NMO) (ethnic group),,,,,,T098,C0422788
http://purl.bioontology.org/ontology/SNOMED-Ethnic-Group#18575005,Oceanian,,,FALSE,,,http://purl.bioontology.org/ontology/SNOMED-Ethnic-Group#372148003,0,XU8hk,Oceanian,1,Ethnic group (Id: 372148003),,,Population Group,S-65000,,Oceanian (ethnic group),"Oceanian, NOS",,,,,T098,C0337912
http://purl.bioontology.org/ontology/SNOMED-Ethnic-Group#66406004,Huasteco,,,FALSE,,,http://purl.bioontology.org/ontology/SNOMED-Ethnic-Group#66920001,0,XUIYD,Huasteco,1,Amerind (Id: 66920001),,,Population Group,S-63190,,Huasteco (ethnic group),,,,,,T098,C0337869
http://purl.bioontology.org/ontology/SNOMED-Ethnic-Group#52075006,Congolese,,,FALSE,,,http://purl.bioontology.org/ontology/SNOMED-Ethnic-Group#18167009,0,XUFjI,Congolese,1,Black African (Id: 18167009),,,Population Group,S-62060,,Congolese (ethnic group),,,,,,T098,C0337830
http://purl.bioontology.org/ontology/SNOMED-Ethnic-Group#270460000,Black Caribbean/W.I./Guyana,,,FALSE,,,http://purl.bioontology.org/ontology/SNOMED-Ethnic-Group#185989004,0,XE2Nt,Black Caribbean/W.I./Guyana,1,"Black, other, non-mixed origin (Id: 185989004)",,Black Caribbean &/or W.I. &/or Guyana (Id: 185991007)|Black Caribbean &/or W.I. &/or Guyana (Id: 154168006),Population Group,F-02BCB,,Black Caribbean/W.I./Guyana (ethnic group),,,,,,T098,C0422774
http://purl.bioontology.org/ontology/SNOMED-Ethnic-Group#275595001,Iranian (NMO),,,FALSE,,,http://purl.bioontology.org/ontology/SNOMED-Ethnic-Group#270464009,0,XM1SC,Iranian (NMO),1,N African Arab/Iranian (NMO) (Id: 270464009),,N African Arab &/or Iranian (NMO) (Id: 186009007)|N African Arab &/or Iranian (NMO) (Id: 154186009),Population Group,F-0085D,,Iranian (NMO) (ethnic group),,,,,,T098,C0554962
http://purl.bioontology.org/ontology/SNOMED-Ethnic-Group#1451003,Greeks,,,FALSE,,,http://purl.bioontology.org/ontology/SNOMED-Ethnic-Group#372148003,0,XU7on,Greeks,1,Ethnic group (Id: 372148003),,,Population Group,S-61170,,Greeks (ethnic group),,,,,,T098,C0337806
http://purl.bioontology.org/ontology/SNOMED-Ethnic-Group#185999009,Other Black - Black/White orig,,,FALSE,,,http://purl.bioontology.org/ontology/SNOMED-Ethnic-Group#185998001,0,9S51.,Other Black - Black/White orig,1,"Black - other, mixed (Id: 185998001)",,,Population Group,F-00184,Other Black - Black/White orig (Id: 154176008),Other Black - Black/White orig (ethnic group),,,,,,T098,C0422782
http://purl.bioontology.org/ontology/SNOMED-Ethnic-Group#185984009,White - ethnic group,,,FALSE,,,http://purl.bioontology.org/ontology/SNOMED-Ethnic-Group#372148003,0,9S1..,White - ethnic group,1,Ethnic group (Id: 372148003),Other white ethnic group (Id: 185987002)|Other white ethnic group (Id: 315238004)|Other white ethnic group (Id: 154163002),,Population Group,F-00172,White - ethnic group (Id: 154160004),White - ethnic group (ethnic group),,,,,White,T098,C0043157
http://purl.bioontology.org/ontology/SNOMED-Ethnic-Group#85163001,Russians,,,FALSE,,,http://purl.bioontology.org/ontology/SNOMED-Ethnic-Group#372148003,0,XUMHc,Russians,1,Ethnic group (Id: 372148003),,,Population Group,S-61290,,Russians (ethnic group),,,,,,T098,C0337816
http://purl.bioontology.org/ontology/SNOMED-Ethnic-Group#72809004,Icelanders,,,FALSE,,,http://purl.bioontology.org/ontology/SNOMED-Ethnic-Group#372148003,0,XUJp6,Icelanders,1,Ethnic group (Id: 372148003),,,Population Group,S-61200,,Icelanders (ethnic group),,,,,,T098,C0337808
http://purl.bioontology.org/ontology/SNOMED-Ethnic-Group#38750003,Bororo,,,FALSE,,,http://purl.bioontology.org/ontology/SNOMED-Ethnic-Group#66920001,0,XUD2n,Bororo,1,Amerind (Id: 66920001),,,Population Group,S-63070,,Bororo (ethnic group),,,,,,T098,C0337859
http://purl.bioontology.org/ontology/SNOMED-Ethnic-Group#41798002,Caroline Islanders,,,FALSE,,,http://purl.bioontology.org/ontology/SNOMED-Ethnic-Group#18575005,0,XUDhF,Caroline Islanders,1,Oceanian (Id: 18575005),,,Population Group,S-65020,,Caroline Islanders (ethnic group),,,,,,T098,C0337914
http://purl.bioontology.org/ontology/SNOMED-Ethnic-Group#275587000,Black Arab,,,FALSE,,,http://purl.bioontology.org/ontology/SNOMED-Ethnic-Group#270461001,0,XM1S4,Black Arab,1,Black N African/Arab/Iranian (Id: 270461001),,Black N African &/or Arab &/or Iranian (Id: 154169003)|Black N African &/or Arab &/or Iranian (Id: 185992000),Population Group,F-00855,,Black Arab (ethnic group),,,,,,T098,C0554954
http://purl.bioontology.org/ontology/SNOMED-Ethnic-Group#43608005,Australian Aborigines,,,FALSE,,,http://purl.bioontology.org/ontology/SNOMED-Ethnic-Group#108342005,0,XUE3f,Australian Aborigines,1,South Asian AND/OR Australian aborigine (Id: 108342005),,,Population Group,S-66300,,Australian Aborigines (ethnic group),"Australian Aborigines, NOS",,,,,T098,C0337948
http://purl.bioontology.org/ontology/SNOMED-Ethnic-Group#76883002,Huichol,,,FALSE,,,http://purl.bioontology.org/ontology/SNOMED-Ethnic-Group#66920001,0,XUKcj,Huichol,1,Amerind (Id: 66920001),,,Population Group,S-63200,,Huichol (ethnic group),,,,,,T098,C0337870
http://purl.bioontology.org/ontology/SNOMED-Ethnic-Group#9158000,Liberians,,,FALSE,,,http://purl.bioontology.org/ontology/SNOMED-Ethnic-Group#18167009,0,XUNbh,Liberians,1,Black African (Id: 18167009),,,Population Group,S-62170,,Liberians (ethnic group),,,,,,T098,C1556088
http://purl.bioontology.org/ontology/SNOMED-Ethnic-Group#36329002,Slovaks,,,FALSE,,,http://purl.bioontology.org/ontology/SNOMED-Ethnic-Group#372148003,0,XUCY7,Slovaks,1,Ethnic group (Id: 372148003),,,Population Group,S-61370,,Slovaks (ethnic group),,,,,,T098,C0337822
http://purl.bioontology.org/ontology/SNOMED-Ethnic-Group#53195006,Kirghiz,,,FALSE,,,http://purl.bioontology.org/ontology/SNOMED-Ethnic-Group#24812003,0,XUFwr,Kirghiz,1,Mongoloid (Id: 24812003),,,Population Group,S-64130,,Kirghiz (ethnic group),,,,,,T098,C0337902
http://purl.bioontology.org/ontology/SNOMED-Ethnic-Group#28821007,Easter Islanders,,,FALSE,,,http://purl.bioontology.org/ontology/SNOMED-Ethnic-Group#18575005,0,XUB3k,Easter Islanders,1,Oceanian (Id: 18575005),,,Population Group,S-65030,,Easter Islanders (ethnic group),,,,,,T098,C0337915
http://purl.bioontology.org/ontology/SNOMED-Ethnic-Group#46723002,Badagas,,,FALSE,,,http://purl.bioontology.org/ontology/SNOMED-Ethnic-Group#108342005,0,XUEfM,Badagas,1,South Asian AND/OR Australian aborigine (Id: 108342005),,,Population Group,S-66020,,Badagas (ethnic group),,,,,,T098,C0337939
http://purl.bioontology.org/ontology/SNOMED-Ethnic-Group#77686000,Kwakiutl,,,FALSE,,,http://purl.bioontology.org/ontology/SNOMED-Ethnic-Group#66920001,0,XUKmL,Kwakiutl,1,Amerind (Id: 66920001),,,Population Group,S-63220,,Kwakiutl (ethnic group),,,,,,T098,C0337872
http://purl.bioontology.org/ontology/SNOMED-Ethnic-Group#65776006,Blackfeet,,,FALSE,,,http://purl.bioontology.org/ontology/SNOMED-Ethnic-Group#66920001,0,XUIQK,Blackfeet,1,Amerind (Id: 66920001),,,Population Group,S-63080,,Blackfeet (ethnic group),,,,,,T098,C0337860
http://purl.bioontology.org/ontology/SNOMED-Ethnic-Group#59597001,Marshallese,,,FALSE,,,http://purl.bioontology.org/ontology/SNOMED-Ethnic-Group#18575005,0,XUHDP,Marshallese,1,Oceanian (Id: 18575005),,,Population Group,S-65110,,Marshallese (ethnic group),,,,,,T098,C1556098
http://purl.bioontology.org/ontology/SNOMED-Ethnic-Group#77502007,Atacamenos,,,FALSE,,,http://purl.bioontology.org/ontology/SNOMED-Ethnic-Group#66920001,0,XUKkF,Atacamenos,1,Amerind (Id: 66920001),,,Population Group,S-63040,,Atacamenos (ethnic group),,,,,,T098,C0337856
http://purl.bioontology.org/ontology/SNOMED-Ethnic-Group#2720008,Hututu,,,FALSE,,,http://purl.bioontology.org/ontology/SNOMED-Ethnic-Group#18167009,0,XUAjR,Hututu,1,Black African (Id: 18167009),,,Population Group,S-62130,,Hututu (ethnic group),,,,,,T098,C0337837
http://purl.bioontology.org/ontology/SNOMED-Ethnic-Group#51750002,Hottentot,,,FALSE,,,http://purl.bioontology.org/ontology/SNOMED-Ethnic-Group#18167009,0,XUFfB,Hottentot,1,Black African (Id: 18167009),,,Population Group,S-62120,,Hottentot (ethnic group),,,,,,T098,C0337836
http://purl.bioontology.org/ontology/SNOMED-Ethnic-Group#12556008,Tamils,,,FALSE,,,http://purl.bioontology.org/ontology/SNOMED-Ethnic-Group#108342005,0,XU6WI,Tamils,1,South Asian AND/OR Australian aborigine (Id: 108342005),,,Population Group,S-66090,,Tamils (ethnic group),,,,,,T098,C0337946
http://purl.bioontology.org/ontology/SNOMED-Ethnic-Group#270467002,Turkish/Turkish Cypriot (NMO),,,FALSE,,,http://purl.bioontology.org/ontology/SNOMED-Ethnic-Group#186005001,0,XE2O0,Turkish/Turkish Cypriot (NMO),1,Other ethnic non-mixed (NMO) (Id: 186005001),,Turkish &/or Turkish Cypriot (NMO) (Id: 186016008)|Turkish &/or Turkish Cypriot (NMO) (Id: 154193008),Population Group,F-00571,,Turkish/Turkish Cypriot (NMO) (ethnic group),,,,,,T098,C0422796
http://purl.bioontology.org/ontology/SNOMED-Ethnic-Group#76768002,Filipinos,,,FALSE,,,http://purl.bioontology.org/ontology/SNOMED-Ethnic-Group#24812003,0,XUKbQ,Filipinos,1,Mongoloid (Id: 24812003),,,Population Group,S-64080,,Filipinos (ethnic group),,,,,,T098,C1556093
http://purl.bioontology.org/ontology/SNOMED-Ethnic-Group#57539009,Navaho,,,FALSE,,,http://purl.bioontology.org/ontology/SNOMED-Ethnic-Group#66920001,0,XUGoN,Navaho,1,Amerind (Id: 66920001),,,Population Group,S-63280,,Navaho (ethnic group),,,,,,T098,C0337879
http://purl.bioontology.org/ontology/SNOMED-Ethnic-Group#160531006,Race: West indian,,,FALSE,,,http://purl.bioontology.org/ontology/SNOMED-Ethnic-Group#413465009,0,134K.,Race: West indian,1,Afro-Caribbean (Id: 413465009),,,Population Group,F-0347D,,Race: West indian (ethnic group),,,,Race: West indian (finding),,T098,C0425373
http://purl.bioontology.org/ontology/SNOMED-Ethnic-Group#64483007,Indians (Hindi-speaking),,,FALSE,,,http://purl.bioontology.org/ontology/SNOMED-Ethnic-Group#315280000,0,XUIAk,Indians (Hindi-speaking),1,Asian - ethnic group (Id: 315280000),,,Population Group,S-61210,,Indians (Hindi-speaking) (ethnic group),,,,,,T098,C0337809
http://purl.bioontology.org/ontology/SNOMED-Ethnic-Group#270461001,Black N African/Arab/Iranian,,,FALSE,,,http://purl.bioontology.org/ontology/SNOMED-Ethnic-Group#185989004,0,XE2Nu,Black N African/Arab/Iranian,1,"Black, other, non-mixed origin (Id: 185989004)",,Black N African &/or Arab &/or Iranian (Id: 154169003)|Black N African &/or Arab &/or Iranian (Id: 185992000),Population Group,F-0056B,,Black N African/Arab/Iranian (ethnic group),,,,,,T098,C0422775
http://purl.bioontology.org/ontology/SNOMED-Ethnic-Group#1340002,Malayans,,,FALSE,,,http://purl.bioontology.org/ontology/SNOMED-Ethnic-Group#24812003,0,XU7XN,Malayans,1,Mongoloid (Id: 24812003),,,Population Group,S-64160,,Malayans (ethnic group),,,,,,T098,C0337905
http://purl.bioontology.org/ontology/SNOMED-Ethnic-Group#76775001,Ugandans,,,FALSE,,,http://purl.bioontology.org/ontology/SNOMED-Ethnic-Group#18167009,0,XUKbU,Ugandans,1,Black African (Id: 18167009),,,Population Group,S-62300,,Ugandans (ethnic group),,,,,,T098,C0241520
http://purl.bioontology.org/ontology/SNOMED-Ethnic-Group#20449009,Javanese,,,FALSE,,,http://purl.bioontology.org/ontology/SNOMED-Ethnic-Group#24812003,0,XU9O8,Javanese,1,Mongoloid (Id: 24812003),,,Population Group,S-64120,,Javanese (ethnic group),,,,,,T098,C0337901
http://purl.bioontology.org/ontology/SNOMED-Ethnic-Group#82174001,Shona,,,FALSE,,,http://purl.bioontology.org/ontology/SNOMED-Ethnic-Group#18167009,0,XULfO,Shona,1,Black African (Id: 18167009),,,Population Group,S-62250,,Shona (ethnic group),,,,,,T098,C0036989
http://purl.bioontology.org/ontology/SNOMED-Ethnic-Group#81283004,Todas,,,FALSE,,,http://purl.bioontology.org/ontology/SNOMED-Ethnic-Group#108342005,0,XULUT,Todas,1,South Asian AND/OR Australian aborigine (Id: 108342005),,,Population Group,S-66100,,Todas (ethnic group),,,,,,T098,C0337947
http://purl.bioontology.org/ontology/SNOMED-Ethnic-Group#275602002,Turkish Cypriot (NMO),,,FALSE,,,http://purl.bioontology.org/ontology/SNOMED-Ethnic-Group#270467002,0,XM1SI,Turkish Cypriot (NMO),1,Turkish/Turkish Cypriot (NMO) (Id: 270467002),,Turkish &/or Turkish Cypriot (NMO) (Id: 186016008)|Turkish &/or Turkish Cypriot (NMO) (Id: 154193008),Population Group,F-00863,,Turkish Cypriot (NMO) (ethnic group),,,,,,T098,C0554968
http://purl.bioontology.org/ontology/SNOMED-Ethnic-Group#83584002,Luo,,,FALSE,,,http://purl.bioontology.org/ontology/SNOMED-Ethnic-Group#18167009,0,XULxA,Luo,1,Black African (Id: 18167009),,,Population Group,S-62180,,Luo (ethnic group),,,,,,T098,C0337841
http://purl.bioontology.org/ontology/SNOMED-Ethnic-Group#414152003,European,,,FALSE,,,http://purl.bioontology.org/ontology/SNOMED-Ethnic-Group#372148003,0,XUcEy,European,1,Ethnic group (Id: 372148003),,European race (Id: 74165009),Population Group,S-00053,European race (Id: 347995004),European (ethnic group),,,,,,T098,C0239307
http://purl.bioontology.org/ontology/SNOMED-Ethnic-Group#18167009,Black African,,,FALSE,,,http://purl.bioontology.org/ontology/SNOMED-Ethnic-Group#315240009,0,9S3..,Black African,1,Black - ethnic group (Id: 315240009),,,Population Group,S-62000,Black African (Id: 154165009),Black African (ethnic group),"Black African, NOS",,,,,T098,C0337824
http://purl.bioontology.org/ontology/SNOMED-Ethnic-Group#309644006,Black Guyana,,,FALSE,,,http://purl.bioontology.org/ontology/SNOMED-Ethnic-Group#309643000,0,XaBz8,Black Guyana,1,Black West Indian (Id: 309643000),,Black Caribbean &/or W.I. &/or Guyana (Id: 185991007)|Black Caribbean &/or W.I. &/or Guyana (Id: 154168006),Population Group,F-02A71,,Black Guyana (ethnic group),,,,,,T098,C0554952
http://purl.bioontology.org/ontology/SNOMED-Ethnic-Group#185998001,"Black - other, mixed",,,FALSE,,,http://purl.bioontology.org/ontology/SNOMED-Ethnic-Group#315240009|http://purl.bioontology.org/ontology/SNOMED-Ethnic-Group#315239007,0,9S5..,"Black - other, mixed",1,Mixed ethnic census group (Id: 315239007)|Black - ethnic group (Id: 315240009),,,Population Group,F-0017D,"Black - other, mixed (Id: 154175007)","Black - other, mixed (ethnic group)",,,,,,T098,C0422781
http://purl.bioontology.org/ontology/SNOMED-Ethnic-Group#186023009,"Other ethnic, other mixed origin",,,FALSE,,,http://purl.bioontology.org/ontology/SNOMED-Ethnic-Group#186019001,0,9SB4.,"Other ethnic, other mixed origin",1,"Other ethnic, mixed origin (Id: 186019001)",,,Population Group,F-001A4,"Other ethnic, other mixed orig (Id: 154200005)","Other ethnic, other mixed origin (ethnic group)","Other ethnic, other mixed orig",,,,,T098,C0422803
http://purl.bioontology.org/ontology/SNOMED-Ethnic-Group#186012005,Indian sub-continent (NMO),,,FALSE,,,http://purl.bioontology.org/ontology/SNOMED-Ethnic-Group#186005001,0,9SA7.,Indian sub-continent (NMO),1,Other ethnic non-mixed (NMO) (Id: 186005001),,,Population Group,F-00197,Indian sub-continent (NMO) (Id: 154189002),Indian sub-continent (NMO) (ethnic group),,,,,,T098,C0422792
http://purl.bioontology.org/ontology/SNOMED-Ethnic-Group#91066000,Tatars,,,FALSE,,,http://purl.bioontology.org/ontology/SNOMED-Ethnic-Group#24812003,0,XUNVH,Tatars,1,Mongoloid (Id: 24812003),,,Population Group,S-64200,,Tatars (ethnic group),,,,,,T098,C0337909
http://purl.bioontology.org/ontology/SNOMED-Ethnic-Group#315634007,Black Caribbean and White,,,FALSE,,,http://purl.bioontology.org/ontology/SNOMED-Ethnic-Group#315239007,0,XaIB5,Black Caribbean and White,1,Mixed ethnic census group (Id: 315239007),,,Population Group,F-02670,Black Caribbean and White (Id: 186024003)|Black Caribbean and White (Id: 154201009),Black Caribbean and White (ethnic group),,,,,,T098,C1278526
http://purl.bioontology.org/ontology/SNOMED-Ethnic-Group#315281001,Other Asian ethnic group,,,FALSE,,,http://purl.bioontology.org/ontology/SNOMED-Ethnic-Group#315280000,0,XaFx0,Other Asian ethnic group,1,Asian - ethnic group (Id: 315280000),,,Population Group,F-02229,Other Asian ethnic group (Id: 186030003)|Other Asian ethnic group (Id: 154207008),Other Asian ethnic group (ethnic group),,,,,,T098,C0438971
http://purl.bioontology.org/ontology/SNOMED-Ethnic-Group#275599007,Greek (NMO),,,FALSE,,,http://purl.bioontology.org/ontology/SNOMED-Ethnic-Group#270466006,0,XM1SF,Greek (NMO),1,Greek/Greek Cypriot (NMO) (Id: 270466006),,Greek &/or Greek Cypriot (NMO) (Id: 186015007)|Greek &/or Greek Cypriot (NMO) (Id: 154192003),Population Group,F-00860,,Greek (NMO) (ethnic group),,,,,,T098,C0554965
http://purl.bioontology.org/ontology/SNOMED-Ethnic-Group#72337002,Brazilian Indians,,,FALSE,,,http://purl.bioontology.org/ontology/SNOMED-Ethnic-Group#66920001,0,XUJjE,Brazilian Indians,1,Amerind (Id: 66920001),,,Population Group,S-63100,,Brazilian Indians (ethnic group),,,,,,T098,C0337861
http://purl.bioontology.org/ontology/SNOMED-Ethnic-Group#86275006,Samoan,,,FALSE,,,http://purl.bioontology.org/ontology/SNOMED-Ethnic-Group#18575005,0,9T14.,Samoan,1,Oceanian (Id: 18575005),,,Population Group,S-65220,Samoan (Id: 154216007),Samoan (ethnic group),Samoans,,,,,T098,C1556103
http://purl.bioontology.org/ontology/SNOMED-Ethnic-Group#81653003,Pehuenches,,,FALSE,,,http://purl.bioontology.org/ontology/SNOMED-Ethnic-Group#66920001,0,XULZA,Pehuenches,1,Amerind (Id: 66920001),,,Population Group,S-63310,,Pehuenches (ethnic group),,,,,,T098,C0337882
http://purl.bioontology.org/ontology/SNOMED-Ethnic-Group#315280000,Asian - ethnic group,,,FALSE,,,http://purl.bioontology.org/ontology/SNOMED-Ethnic-Group#372148003,0,XaFwz,Asian - ethnic group,1,Ethnic group (Id: 372148003),Other Asian (Id: 154226000)|Other Asian (Id: 186046006),,Population Group,F-02223,,Asian - ethnic group (ethnic group),,,,,,T098,C1282531
http://purl.bioontology.org/ontology/SNOMED-Ethnic-Group#59366001,Ibo,,,FALSE,,,http://purl.bioontology.org/ontology/SNOMED-Ethnic-Group#18167009,0,XUHAe,Ibo,1,Black African (Id: 18167009),,,Population Group,S-62140,,Ibo (ethnic group),,,,,,T098,C0337838
http://purl.bioontology.org/ontology/SNOMED-Ethnic-Group#309643000,Black West Indian,,,FALSE,,,http://purl.bioontology.org/ontology/SNOMED-Ethnic-Group#185988007,0,XaBz7,Black West Indian,1,Black Caribbean (Id: 185988007),,Black Caribbean &/or W.I. &/or Guyana (Id: 185991007)|Black Caribbean &/or W.I. &/or Guyana (Id: 154168006),Population Group,F-02A70,,Black West Indian (ethnic group),,,,,,T098,C0554951
http://purl.bioontology.org/ontology/SNOMED-Ethnic-Group#42632009,Andamanese,,,FALSE,,,http://purl.bioontology.org/ontology/SNOMED-Ethnic-Group#108342005,0,XUDrV,Andamanese,1,South Asian AND/OR Australian aborigine (Id: 108342005),,,Population Group,S-66010,,Andamanese (ethnic group),,,,,,T098,C0337938
http://purl.bioontology.org/ontology/SNOMED-Ethnic-Group#47327008,Mexican Indians,,,FALSE,,,http://purl.bioontology.org/ontology/SNOMED-Ethnic-Group#66920001,0,XUEmn,Mexican Indians,1,Amerind (Id: 66920001),,,Population Group,S-63270,,Mexican Indians (ethnic group),,,,,,T098,C0337877
http://purl.bioontology.org/ontology/SNOMED-Ethnic-Group#186040000,Cook Island Maori,,,FALSE,,,http://purl.bioontology.org/ontology/SNOMED-Ethnic-Group#372148003,0,9T15.,Cook Island Maori,1,Ethnic group (Id: 372148003),,,Population Group,S-60006,Cook Island Maori (Id: 154217003),Cook Island Maori (ethnic group),,,,,,T098,C0438965
http://purl.bioontology.org/ontology/SNOMED-Ethnic-Group#19085009,Saipanese,,,FALSE,,,http://purl.bioontology.org/ontology/SNOMED-Ethnic-Group#18575005,0,XU8o7,Saipanese,1,Oceanian (Id: 18575005),,,Population Group,S-65210,,Saipanese (ethnic group),,,,,,T098,C1556102
http://purl.bioontology.org/ontology/SNOMED-Ethnic-Group#89026003,Alacaluf,,,FALSE,,,http://purl.bioontology.org/ontology/SNOMED-Ethnic-Group#66920001,0,XUN5W,Alacaluf,1,Amerind (Id: 66920001),,,Population Group,S-63010,,Alacaluf (ethnic group),,,,,,T098,C0337854
http://purl.bioontology.org/ontology/SNOMED-Ethnic-Group#315635008,Black African and White,,,FALSE,,,http://purl.bioontology.org/ontology/SNOMED-Ethnic-Group#315239007,0,XaIB6,Black African and White,1,Mixed ethnic census group (Id: 315239007),,,Population Group,F-02671,Black African and White (Id: 154202002)|Black African and White (Id: 186025002),Black African and White (ethnic group),,,,,,T098,C1278527
http://purl.bioontology.org/ontology/SNOMED-Ethnic-Group#18664001,Xavante,,,FALSE,,,http://purl.bioontology.org/ontology/SNOMED-Ethnic-Group#66920001,0,XU8iu,Xavante,1,Amerind (Id: 66920001),,,Population Group,S-63390,,Xavante (ethnic group),,,,,,T098,C0337890
http://purl.bioontology.org/ontology/SNOMED-Ethnic-Group#45465003,Basques,,,FALSE,,,http://purl.bioontology.org/ontology/SNOMED-Ethnic-Group#372148003,0,XUEQ3,Basques,1,Ethnic group (Id: 372148003),,,Population Group,S-61040,,Basques (ethnic group),,,,,,T098,C0337796
http://purl.bioontology.org/ontology/SNOMED-Ethnic-Group#67931002,Aztec,,,FALSE,,,http://purl.bioontology.org/ontology/SNOMED-Ethnic-Group#66920001,0,XUIqX,Aztec,1,Amerind (Id: 66920001),,,Population Group,S-63274,,Aztec (ethnic group),,,,,,T098,C0337878
http://purl.bioontology.org/ontology/SNOMED-Ethnic-Group#2688009,Tristan da Cunhans,,,FALSE,,,http://purl.bioontology.org/ontology/SNOMED-Ethnic-Group#372148003,0,XUAfZ,Tristan da Cunhans,1,Ethnic group (Id: 372148003),,,Population Group,S-61340,,Tristan da Cunhans (ethnic group),,,,,,T098,C0337820
http://purl.bioontology.org/ontology/SNOMED-Ethnic-Group#63457007,Maya,,,FALSE,,,http://purl.bioontology.org/ontology/SNOMED-Ethnic-Group#66920001,0,XUHy0,Maya,1,Amerind (Id: 66920001),,,Population Group,S-63260,,Maya (ethnic group),,,,,,T098,C0337876
http://purl.bioontology.org/ontology/SNOMED-Ethnic-Group#64693008,Hungarians,,,FALSE,,,http://purl.bioontology.org/ontology/SNOMED-Ethnic-Group#372148003,0,XUIDF,Hungarians,1,Ethnic group (Id: 372148003),,,Population Group,S-61190,,Hungarians (ethnic group),,,,,,T098,C0337807
http://purl.bioontology.org/ontology/SNOMED-Ethnic-Group#31637002,Italians,,,FALSE,,,http://purl.bioontology.org/ontology/SNOMED-Ethnic-Group#372148003,0,XUBc9,Italians,1,Ethnic group (Id: 372148003),,,Population Group,S-61220,,Italians (ethnic group),,,,,,T098,C0337810
http://purl.bioontology.org/ontology/SNOMED-Ethnic-Group#186020007,"Other ethnic, Black/White origin",,,FALSE,,,http://purl.bioontology.org/ontology/SNOMED-Ethnic-Group#186019001,0,9SB1.,"Other ethnic, Black/White origin",1,"Other ethnic, mixed origin (Id: 186019001)",,,Population Group,F-0019E,"Other ethnic, Black/White orig (Id: 154197009)","Other ethnic, Black/White origin (ethnic group)",,,,,"Other ethnic, Black/White orig",T098,C0422800
http://purl.bioontology.org/ontology/SNOMED-Ethnic-Group#75301003,Mapuche,,,FALSE,,,http://purl.bioontology.org/ontology/SNOMED-Ethnic-Group#66920001,0,XUKJR,Mapuche,1,Amerind (Id: 66920001),,,Population Group,S-63250,,Mapuche (ethnic group),,,,,,T098,C0337875
http://purl.bioontology.org/ontology/SNOMED-Ethnic-Group#19434008,French,,,FALSE,,,http://purl.bioontology.org/ontology/SNOMED-Ethnic-Group#372148003,0,XU8ww,French,1,Ethnic group (Id: 372148003),,,Population Group,S-61140,,French (ethnic group),,,,,,T098,C1556084
http://purl.bioontology.org/ontology/SNOMED-Ethnic-Group#47250000,Bruneians,,,FALSE,,,http://purl.bioontology.org/ontology/SNOMED-Ethnic-Group#24812003,0,XUElo,Bruneians,1,Mongoloid (Id: 24812003),,,Population Group,S-64040,,Bruneians (ethnic group),,,,,,T098,C0337896
http://purl.bioontology.org/ontology/SNOMED-Ethnic-Group#315236000,White British,,,FALSE,,,http://purl.bioontology.org/ontology/SNOMED-Ethnic-Group#185984009,0,XaFwD,White British,1,White - ethnic group (Id: 185984009),,,Population Group,F-021FC,White British (Id: 154161000)|White British (Id: 185985005),White British (ethnic group),,,,,,T098,C1278523
http://purl.bioontology.org/ontology/SNOMED-Ethnic-Group#24812003,Mongoloid,,,FALSE,,,http://purl.bioontology.org/ontology/SNOMED-Ethnic-Group#372148003,0,XUAFx,Mongoloid,1,Ethnic group (Id: 372148003),,,Population Group,S-64000,,Mongoloid (ethnic group),"Mongoloid, NOS",,,,,T098,C0337892
http://purl.bioontology.org/ontology/SNOMED-Ethnic-Group#6373008,Choco,,,FALSE,,,http://purl.bioontology.org/ontology/SNOMED-Ethnic-Group#66920001,0,XUI1e,Choco,1,Amerind (Id: 66920001),,,Population Group,S-63130,,Choco (ethnic group),,,,,,T098,C0337864
http://purl.bioontology.org/ontology/SNOMED-Ethnic-Group#57405008,Chenchu,,,FALSE,,,http://purl.bioontology.org/ontology/SNOMED-Ethnic-Group#108342005,0,XUGmf,Chenchu,1,South Asian AND/OR Australian aborigine (Id: 108342005),,,Population Group,S-66030,,Chenchu (ethnic group),,,,,,T098,C0337940
http://purl.bioontology.org/ontology/SNOMED-Ethnic-Group#186000006,Other Black - Black/Asian orig,,,FALSE,,,http://purl.bioontology.org/ontology/SNOMED-Ethnic-Group#185998001,0,9S52.,Other Black - Black/Asian orig,1,"Black - other, mixed (Id: 185998001)",,,Population Group,F-00185,Other Black - Black/Asian orig (Id: 154177004),Other Black - Black/Asian orig (ethnic group),,,,,,T098,C0422783
http://purl.bioontology.org/ontology/SNOMED-Ethnic-Group#88839008,Sudanese,,,FALSE,,,http://purl.bioontology.org/ontology/SNOMED-Ethnic-Group#18167009,0,XUN3H,Sudanese,1,Black African (Id: 18167009),,,Population Group,S-62270,,Sudanese (ethnic group),,,,,,T098,C0241297
http://purl.bioontology.org/ontology/SNOMED-Ethnic-Group#372148003,Ethnic group,,,FALSE,,,http://www.w3.org/2002/07/owl#Thing,0,XUVqQ,Ethnic group,1,Group (Id: 389109008),Other ethnic group (Id: 315282008)|Other ethnic group (Id: 154209006)|Other Pacific ethnic group (Id: 154222003)|Other New Zealand ethnic group (Id: 186047002)|Other ethnic group (Id: 186032006)|Other Pacific ethnic group (Id: 186043003)|Other New Zealand ethnic group (Id: 154227009),,Population Group,S-0001B,,Ethnic group (ethnic group),,,,,Ethnic category,T098,C0015031
http://purl.bioontology.org/ontology/SNOMED-Ethnic-Group#186010002,Other African countries (NMO),,,FALSE,,,http://purl.bioontology.org/ontology/SNOMED-Ethnic-Group#186005001,0,9SA5.,Other African countries (NMO),1,Other ethnic non-mixed (NMO) (Id: 186005001),,,Population Group,F-00192,Other African countries (NMO) (Id: 154187000),Other African countries (NMO) (ethnic group),,,,,,T098,C0422790
http://purl.bioontology.org/ontology/SNOMED-Ethnic-Group#29343004,Bulgarians,,,FALSE,,,http://purl.bioontology.org/ontology/SNOMED-Ethnic-Group#372148003,0,XUBAA,Bulgarians,1,Ethnic group (Id: 372148003),,,Population Group,S-61060,,Bulgarians (ethnic group),,,,,,T098,C0337798
http://purl.bioontology.org/ontology/SNOMED-Ethnic-Group#63732001,New Hebrideans,,,FALSE,,,http://purl.bioontology.org/ontology/SNOMED-Ethnic-Group#18575005,0,XUI1g,New Hebrideans,1,Oceanian (Id: 18575005),,,Population Group,S-65170,,New Hebrideans (ethnic group),,,,,,T098,C0337927
http://purl.bioontology.org/ontology/SNOMED-Ethnic-Group#7695005,Germans,,,FALSE,,,http://purl.bioontology.org/ontology/SNOMED-Ethnic-Group#372148003,0,XUKdb,Germans,1,Ethnic group (Id: 372148003),,,Population Group,S-61160,,Germans (ethnic group),,,,,,T098,C1556085
http://purl.bioontology.org/ontology/SNOMED-Ethnic-Group#90027003,Arabs,,,FALSE,,,http://purl.bioontology.org/ontology/SNOMED-Ethnic-Group#372148003,0,XUNHv,Arabs,1,Ethnic group (Id: 372148003),,,Population Group,S-61010,Arab (Id: 413569000)|Race: Arab (Id: 160524007),Arabs (ethnic group),,,,,,T098,C0282540
http://purl.bioontology.org/ontology/SNOMED-Ethnic-Group#270464009,N African Arab/Iranian (NMO),,,FALSE,,,http://purl.bioontology.org/ontology/SNOMED-Ethnic-Group#186005001,0,XE2Nx,N African Arab/Iranian (NMO),1,Other ethnic non-mixed (NMO) (Id: 186005001),,N African Arab &/or Iranian (NMO) (Id: 186009007)|N African Arab &/or Iranian (NMO) (Id: 154186009),Population Group,F-0056E,,N African Arab/Iranian (NMO) (ethnic group),,,,,,T098,C0422789
http://purl.bioontology.org/ontology/SNOMED-Ethnic-Group#186039002,New Zealand Maori,,,FALSE,,,http://purl.bioontology.org/ontology/SNOMED-Ethnic-Group#372148003,0,9T13.,New Zealand Maori,1,Ethnic group (Id: 372148003),,,Population Group,S-60005,New Zealand Maori (Id: 154215006),New Zealand Maori (ethnic group),,,,,,T098,C0438964
http://purl.bioontology.org/ontology/SNOMED-Ethnic-Group#34334001,New Caledonians,,,FALSE,,,http://purl.bioontology.org/ontology/SNOMED-Ethnic-Group#18575005,0,XUC9F,New Caledonians,1,Oceanian (Id: 18575005),,,Population Group,S-65160,,New Caledonians (ethnic group),,,,,,T098,C0337926
http://purl.bioontology.org/ontology/SNOMED-Ethnic-Group#21868006,Madagascans,,,FALSE,,,http://purl.bioontology.org/ontology/SNOMED-Ethnic-Group#18167009,0,XU9fn,Madagascans,1,Black African (Id: 18167009),,,Population Group,S-62190,,Madagascans (ethnic group),,,,,,T098,C0337842
http://purl.bioontology.org/ontology/SNOMED-Ethnic-Group#14999008,Welsh,,,FALSE,,,http://purl.bioontology.org/ontology/SNOMED-Ethnic-Group#372148003,0,XU7vs,Welsh,1,Ethnic group (Id: 372148003),,,Population Group,S-61350,,Welsh (ethnic group),,,,,,T098,C0043114
http://purl.bioontology.org/ontology/SNOMED-Ethnic-Group#14176005,Danes,,,FALSE,,,http://purl.bioontology.org/ontology/SNOMED-Ethnic-Group#372148003,0,XU7jt,Danes,1,Ethnic group (Id: 372148003),,,Population Group,S-61080,,Danes (ethnic group),,,,,,T098,C0337800
http://purl.bioontology.org/ontology/SNOMED-Ethnic-Group#4073004,Palauans,,,FALSE,,,http://purl.bioontology.org/ontology/SNOMED-Ethnic-Group#18575005,0,XUDTq,Palauans,1,Oceanian (Id: 18575005),,,Population Group,S-65180,,Palauans (ethnic group),,,,,,T098,C0337928
http://purl.bioontology.org/ontology/SNOMED-Ethnic-Group#186041001,Niuean,,,FALSE,,,http://purl.bioontology.org/ontology/SNOMED-Ethnic-Group#372148003,0,9T17.,Niuean,1,Ethnic group (Id: 372148003),,,Population Group,S-60007,Niuean (Id: 154219000),Niuean (ethnic group),,,,,,T098,C0438966
http://purl.bioontology.org/ontology/SNOMED-Ethnic-Group#315239007,Mixed ethnic census group,,,FALSE,,,http://purl.bioontology.org/ontology/SNOMED-Ethnic-Group#372148003,0,XaFwG,Mixed ethnic census group,1,Ethnic group (Id: 372148003),,,Population Group,F-0220E,,Mixed ethnic census group (ethnic group),,,,,,T098,C1282529
http://purl.bioontology.org/ontology/SNOMED-Ethnic-Group#53460002,Serbs,,,FALSE,,,http://purl.bioontology.org/ontology/SNOMED-Ethnic-Group#372148003,0,XUFzy,Serbs,1,Ethnic group (Id: 372148003),,,Population Group,S-61360,,Serbs (ethnic group),,,,,,T098,C0337821
http://purl.bioontology.org/ontology/SNOMED-Ethnic-Group#25804004,English,,,FALSE,,,http://purl.bioontology.org/ontology/SNOMED-Ethnic-Group#372148003,0,XUASO,English,1,Ethnic group (Id: 372148003),,,Population Group,S-61110,,English (ethnic group),,,,,,T098,C1556083
http://purl.bioontology.org/ontology/SNOMED-Ethnic-Group#275588005,Black Iranian,,,FALSE,,,http://purl.bioontology.org/ontology/SNOMED-Ethnic-Group#270461001,0,XM1S5,Black Iranian,1,Black N African/Arab/Iranian (Id: 270461001),,Black N African &/or Arab &/or Iranian (Id: 154169003)|Black N African &/or Arab &/or Iranian (Id: 185992000),Population Group,F-00856,,Black Iranian (ethnic group),,,,,,T098,C0554955
http://purl.bioontology.org/ontology/SNOMED-Ethnic-Group#414661004,Melanesian,,,FALSE,,,http://purl.bioontology.org/ontology/SNOMED-Ethnic-Group#372148003,0,XUcF5,Melanesian,1,Ethnic group (Id: 372148003),,,Population Group,S-0003F,Melanesian race (Id: 13428006),Melanesian (ethnic group),,,,,Melanesian-Papuan,T098,C0337924
http://purl.bioontology.org/ontology/SNOMED-Ethnic-Group#186036009,New Zealand European,,,FALSE,,,http://purl.bioontology.org/ontology/SNOMED-Ethnic-Group#372148003,0,9T11.,New Zealand European,1,Ethnic group (Id: 372148003),,,Population Group,S-60003,New Zealand European (Id: 154213004),New Zealand European (ethnic group),,,,,Pakeha,T098,C0438962
http://purl.bioontology.org/ontology/SNOMED-Ethnic-Group#73736004,Maori,,,FALSE,,,http://purl.bioontology.org/ontology/SNOMED-Ethnic-Group#18575005,0,XUK0Z,Maori,1,Oceanian (Id: 18575005),,,Population Group,S-65100,,Maori (ethnic group),,,,,,T098,C0024770
http://purl.bioontology.org/ontology/SNOMED-Ethnic-Group#83939006,Irula,,,FALSE,,,http://purl.bioontology.org/ontology/SNOMED-Ethnic-Group#108342005,0,XUM1Z,Irula,1,South Asian AND/OR Australian aborigine (Id: 108342005),,,Population Group,S-66040,,Irula (ethnic group),,,,,,T098,C0337941
http://purl.bioontology.org/ontology/SNOMED-Ethnic-Group#275590006,Black Indo-Caribbean,,,FALSE,,,http://purl.bioontology.org/ontology/SNOMED-Ethnic-Group#270462008,0,XM1S7,Black Indo-Caribbean,1,Black East African Asian/Indo-Caribbean (Id: 270462008),,Black E Afric Asia &/or Indo-Caribb (Id: 154171003)|Black E Afric Asia &/or Indo-Caribb (Id: 185994004),Population Group,F-00858,,Black Indo-Caribbean (ethnic group),,,,,,T098,C0554957
http://purl.bioontology.org/ontology/SNOMED-Ethnic-Group#27683006,Ainu,,,FALSE,,,http://purl.bioontology.org/ontology/SNOMED-Ethnic-Group#24812003,0,XUApd,Ainu,1,Mongoloid (Id: 24812003),,,Population Group,S-64010,,Ainu (ethnic group),,,,,,T098,C0337893
http://purl.bioontology.org/ontology/SNOMED-Ethnic-Group#186019001,"Other ethnic, mixed origin",,,FALSE,,,http://purl.bioontology.org/ontology/SNOMED-Ethnic-Group#315239007,0,9SB..,"Other ethnic, mixed origin",1,Mixed ethnic census group (Id: 315239007),,,Population Group,F-0019C,"Other ethnic, mixed origin (Id: 154196000)","Other ethnic, mixed origin (ethnic group)",,,,,,T098,C0422799
http://purl.bioontology.org/ontology/SNOMED-Ethnic-Group#76460008,Yanomama,,,FALSE,,,http://purl.bioontology.org/ontology/SNOMED-Ethnic-Group#66920001,0,XUKXW,Yanomama,1,Amerind (Id: 66920001),,,Population Group,S-63400,,Yanomama (ethnic group),,,,,,T098,C0337891
http://purl.bioontology.org/ontology/SNOMED-Ethnic-Group#185995003,Black Indian sub-continent,,,FALSE,,,http://purl.bioontology.org/ontology/SNOMED-Ethnic-Group#185989004|http://purl.bioontology.org/ontology/SNOMED-Ethnic-Group#315280000,0,9S46.,Black Indian sub-continent,1,"Black, other, non-mixed origin (Id: 185989004)|Asian - ethnic group (Id: 315280000)",,,Population Group,F-00179,Black Indian sub-continent (Id: 154172005),Black Indian sub-continent (ethnic group),,,,,,T098,C0422778
http://purl.bioontology.org/ontology/SNOMED-Ethnic-Group#80528001,Xosa,,,FALSE,,,http://purl.bioontology.org/ontology/SNOMED-Ethnic-Group#18167009,0,XULLP,Xosa,1,Black African (Id: 18167009),,,Population Group,S-62330,,Xosa (ethnic group),,,,,,T098,C0337851
http://purl.bioontology.org/ontology/SNOMED-Ethnic-Group#67439005,Msutu,,,FALSE,,,http://purl.bioontology.org/ontology/SNOMED-Ethnic-Group#18167009,0,XUIkX,Msutu,1,Black African (Id: 18167009),,,Population Group,S-62210,,Msutu (ethnic group),,,,,,T098,C0337844
http://purl.bioontology.org/ontology/SNOMED-Ethnic-Group#76574004,Swiss,,,FALSE,,,http://purl.bioontology.org/ontology/SNOMED-Ethnic-Group#372148003,0,XUKZ7,Swiss,1,Ethnic group (Id: 372148003),,,Population Group,S-61320,,Swiss (ethnic group),,,,,,T098,C0241315
http://purl.bioontology.org/ontology/SNOMED-Ethnic-Group#90822005,Gambians,,,FALSE,,,http://purl.bioontology.org/ontology/SNOMED-Ethnic-Group#18167009,0,XUNSE,Gambians,1,Black African (Id: 18167009),,,Population Group,S-62090,,Gambians (ethnic group),,,,,,T098,C0337833
http://purl.bioontology.org/ontology/SNOMED-Ethnic-Group#80208004,Portuguese,,,FALSE,,,http://purl.bioontology.org/ontology/SNOMED-Ethnic-Group#372148003,0,XULHW,Portuguese,1,Ethnic group (Id: 372148003),,,Population Group,S-61280,,Portuguese (ethnic group),,,,,,T098,C0032730
http://purl.bioontology.org/ontology/SNOMED-Ethnic-Group#37843006,Fulani,,,FALSE,,,http://purl.bioontology.org/ontology/SNOMED-Ethnic-Group#18167009,0,XUCqu,Fulani,1,Black African (Id: 18167009),,,Population Group,S-62080,,Fulani (ethnic group),,,,,,T098,C0337832
http://purl.bioontology.org/ontology/SNOMED-Ethnic-Group#73524008,Caingang,,,FALSE,,,http://purl.bioontology.org/ontology/SNOMED-Ethnic-Group#66920001,0,XUJxp,Caingang,1,Amerind (Id: 66920001),,,Population Group,S-63120,,Caingang (ethnic group),,,,,,T098,C0337863
http://purl.bioontology.org/ontology/SNOMED-Ethnic-Group#10292001,Guamians,,,FALSE,,,http://purl.bioontology.org/ontology/SNOMED-Ethnic-Group#18575005,0,XU0n6,Guamians,1,Oceanian (Id: 18575005),,,Population Group,S-65070,,Guamians (ethnic group),,,,,,T098,C0337919
http://purl.bioontology.org/ontology/SNOMED-Ethnic-Group#41076003,Mozambiquans,,,FALSE,,,http://purl.bioontology.org/ontology/SNOMED-Ethnic-Group#18167009,0,XUDYC,Mozambiquans,1,Black African (Id: 18167009),,,Population Group,S-62200,,Mozambiquans (ethnic group),,,,,,T098,C0337843
http://purl.bioontology.org/ontology/SNOMED-Ethnic-Group#55990000,Inca,,,FALSE,,,http://purl.bioontology.org/ontology/SNOMED-Ethnic-Group#66920001,0,XUGVD,Inca,1,Amerind (Id: 66920001),,,Population Group,S-63210,,Inca (ethnic group),,,,,,T098,C0337871
http://purl.bioontology.org/ontology/SNOMED-Ethnic-Group#83365001,Thais,,,FALSE,,,http://purl.bioontology.org/ontology/SNOMED-Ethnic-Group#24812003,0,XULuG,Thais,1,Mongoloid (Id: 24812003),,,Population Group,S-64210,,Thais (ethnic group),,,,,,T098,C0337910
http://purl.bioontology.org/ontology/SNOMED-Ethnic-Group#28796001,Siamese,,,FALSE,,,http://purl.bioontology.org/ontology/SNOMED-Ethnic-Group#24812003,0,XUB3O,Siamese,1,Mongoloid (Id: 24812003),,,Population Group,S-64180,,Siamese (ethnic group),,,,,,T098,C0337907
http://purl.bioontology.org/ontology/SNOMED-Ethnic-Group#186044009,South East Asian,,,FALSE,,,http://purl.bioontology.org/ontology/SNOMED-Ethnic-Group#372148003,0,9T1B.,South East Asian,1,Ethnic group (Id: 372148003),,,Population Group,S-60009,South East Asian (Id: 154223008),South East Asian (ethnic group),,,,,,T098,C0238697
http://purl.bioontology.org/ontology/SNOMED-Ethnic-Group#39764005,Bantu,,,FALSE,,,http://purl.bioontology.org/ontology/SNOMED-Ethnic-Group#18167009,0,Xa6hP,Bantu,1,Black African (Id: 18167009),,,Population Group,S-62020,,Bantu (ethnic group),,,,,,T098,C0337826
http://purl.bioontology.org/ontology/SNOMED-Ethnic-Group#28562006,Poles,,,FALSE,,,http://purl.bioontology.org/ontology/SNOMED-Ethnic-Group#372148003,0,XUB0P,Poles,1,Ethnic group (Id: 372148003),,,Population Group,S-61270,,Poles (ethnic group),,,,,,T098,C0337815
http://purl.bioontology.org/ontology/SNOMED-Ethnic-Group#40182006,Gypsies,,,FALSE,,,http://purl.bioontology.org/ontology/SNOMED-Ethnic-Group#372148003,0,XUDMK,Gypsies,1,Ethnic group (Id: 372148003),,,Population Group,S-61180,Gypsies (Id: 394149000)|Gypsies (Id: 393199009)|Gypsies (Id: 394635008),Gypsies (ethnic group),,,,,Gypsy,T098,C0018422
http://purl.bioontology.org/ontology/SNOMED-Ethnic-Group#32045009,Georgians,,,FALSE,,,http://purl.bioontology.org/ontology/SNOMED-Ethnic-Group#372148003,0,XUBh9,Georgians,1,Ethnic group (Id: 372148003),,,Population Group,S-61150,,Georgians (ethnic group),,,,,,T098,C0337804
http://purl.bioontology.org/ontology/SNOMED-Ethnic-Group#43890005,Dieguenos,,,FALSE,,,http://purl.bioontology.org/ontology/SNOMED-Ethnic-Group#66920001,0,XUE7B,Dieguenos,1,Amerind (Id: 66920001),,,Population Group,S-63160,,Dieguenos (ethnic group),,,,,,T098,C0337867
http://purl.bioontology.org/ontology/SNOMED-Ethnic-Group#23534002,Melanesians,,,FALSE,,,http://purl.bioontology.org/ontology/SNOMED-Ethnic-Group#18575005,0,XUA0P,Melanesians,1,Oceanian (Id: 18575005),,,Population Group,S-65130,,Melanesians (ethnic group),,,,,,T098,C0337924
http://purl.bioontology.org/ontology/SNOMED-Ethnic-Group#10117001,Finns,,,FALSE,,,http://purl.bioontology.org/ontology/SNOMED-Ethnic-Group#372148003,0,XU0KP,Finns,1,Ethnic group (Id: 372148003),,,Population Group,S-61130,,Finns (ethnic group),,,,,,T098,C0337803
http://purl.bioontology.org/ontology/SNOMED-Ethnic-Group#186006000,British ethnic minority specified (NMO),,,FALSE,,,http://purl.bioontology.org/ontology/SNOMED-Ethnic-Group#186005001,0,9SA1.,British ethnic minority specified (NMO),1,Other ethnic non-mixed (NMO) (Id: 186005001),,,Population Group,F-0018C,Brit. ethnic minor. spec.(NMO) (Id: 154183001),British ethnic minority specified (NMO) (ethnic group),Brit. ethnic minor. spec.(NMO),,,,,T098,C0422786
http://purl.bioontology.org/ontology/SNOMED-Ethnic-Group#9533000,Dutch,,,FALSE,,,http://purl.bioontology.org/ontology/SNOMED-Ethnic-Group#372148003,0,XUOSB,Dutch,1,Ethnic group (Id: 372148003),,,Population Group,S-61090,,Dutch (ethnic group),,,,,,T098,C0013331
http://purl.bioontology.org/ontology/SNOMED-Ethnic-Group#85515006,Eskimo,,,FALSE,,,http://purl.bioontology.org/ontology/SNOMED-Ethnic-Group#66920001,0,XUMMf,Eskimo,1,Amerind (Id: 66920001),,,Population Group,S-63170,,Eskimo (ethnic group),,,,,,T098,C0014845
http://purl.bioontology.org/ontology/SNOMED-Ethnic-Group#186013000,Other Asian (NMO),,,FALSE,,,http://purl.bioontology.org/ontology/SNOMED-Ethnic-Group#186005001,0,9SA8.,Other Asian (NMO),1,Other ethnic non-mixed (NMO) (Id: 186005001),,,Population Group,F-00198,Other Asian (NMO) (Id: 154190006),Other Asian (NMO) (ethnic group),,,,,,T098,C0422793
http://purl.bioontology.org/ontology/SNOMED-Ethnic-Group#25750005,Admiralty Islanders,,,FALSE,,,http://purl.bioontology.org/ontology/SNOMED-Ethnic-Group#18575005,0,XUARe,Admiralty Islanders,1,Oceanian (Id: 18575005),,,Population Group,S-65010,,Admiralty Islanders (ethnic group),,,,,,T098,C0337913
http://purl.bioontology.org/ontology/SNOMED-Ethnic-Group#50405005,Senoy,,,FALSE,,,http://purl.bioontology.org/ontology/SNOMED-Ethnic-Group#24812003,0,XUFOW,Senoy,1,Mongoloid (Id: 24812003),,,Population Group,S-64170,,Senoy (ethnic group),,,,,,T098,C0337906
http://purl.bioontology.org/ontology/SNOMED-Ethnic-Group#38144004,Athabascans,,,FALSE,,,http://purl.bioontology.org/ontology/SNOMED-Ethnic-Group#66920001,0,XUCuT,Athabascans,1,Amerind (Id: 66920001),,,Population Group,S-63050,,Athabascans (ethnic group),,,,,,T098,C0337857
http://purl.bioontology.org/ontology/SNOMED-Ethnic-Group#275601009,Turkish (NMO),,,FALSE,,,http://purl.bioontology.org/ontology/SNOMED-Ethnic-Group#270467002,0,XM1SH,Turkish (NMO),1,Turkish/Turkish Cypriot (NMO) (Id: 270467002),,Turkish &/or Turkish Cypriot (NMO) (Id: 186016008)|Turkish &/or Turkish Cypriot (NMO) (Id: 154193008),Population Group,F-00862,,Turkish (NMO) (ethnic group),,,,,,T098,C0554967
